stock_id:ID,name,code,:LABEL
600616,金枫酒业,600616,Company
603076,乐惠国际,603076,Company
601689,拓普集团,601689,Company
300629,新劲刚,300629,Company
601208,东材科技,601208,Company
002658,雪迪龙,002658,Company
000937,冀中能源,000937,Company
000831,五矿稀土,000831,Company
600184,光电股份,600184,Company
300532,今天国际,300532,Company
002393,力生制药,002393,Company
300389,艾比森,300389,Company
000541,佛山照明,000541,Company
002003,伟星股份,002003,Company
002254,泰和新材,002254,Company
000810,创维数字,000810,Company
002795,永和智控,002795,Company
300216,千山药机,300216,Company
000400,许继电气,000400,Company
002455,百川股份,002455,Company
002491,通鼎互联,002491,Company
600295,鄂尔多斯,600295,Company
600787,中储股份,600787,Company
002333,罗普斯金,002333,Company
600691,阳煤化工,600691,Company
002701,奥瑞金,002701,Company
000856,冀东装备,000856,Company
300368,汇金股份,300368,Company
000835,长城动漫,000835,Company
600119,长江投资,600119,Company
300284,苏交科,300284,Company
600322,天房发展,600322,Company
200037,深南电B,200037,Company
600958,东方证券,600958,Company
603988,中电电机,603988,Company
300290,荣科科技,300290,Company
000921,海信科龙,000921,Company
200028,一致Ｂ,200028,Company
002467,二六三,002467,Company
002726,龙大肉食,002726,Company
002543,万和电气,002543,Company
300119,瑞普生物,300119,Company
600577,精达股份,600577,Company
603306,华懋科技,603306,Company
002384,东山精密,002384,Company
000009,中国宝安,000009,Company
002365,永安药业,002365,Company
000788,北大医药,000788,Company
002090,金智科技,002090,Company
600969,郴电国际,600969,Company
601515,东风股份,601515,Company
603299,井神股份,603299,Company
002673,西部证券,002673,Company
600390,五矿资本,600390,Company
600875,东方电气,600875,Company
000609,绵石投资,000609,Company
002017,东信和平,002017,Company
600535,天士力,600535,Company
002502,骅威文化,002502,Company
600090,同济堂,600090,Company
600862,中航高科,600862,Company
601966,玲珑轮胎,601966,Company
601088,中国神华,601088,Company
600709,生态,600709,Company;ST
600567,山鹰纸业,600567,Company
300358,楚天科技,300358,Company
002269,美邦服饰,002269,Company
002565,顺灏股份,002565,Company
002640,跨境通,002640,Company
600623,华谊集团,600623,Company
300542,新晨科技,300542,Company
600530,交大昂立,600530,Company
000765,华信,000765,Company;ST
600667,太极实业,600667,Company
000003,PT金田A,000003,Company
002302,西部建设,002302,Company
600345,长江通信,600345,Company
002506,协鑫集成,002506,Company
002348,高乐股份,002348,Company
002318,久立特材,002318,Company
600618,氯碱化工,600618,Company
600309,万华化学,600309,Company
300028,金亚科技,300028,Company
600091,明科,600091,Company;ST
603556,海兴电力,603556,Company
300530,达志科技,300530,Company
600128,弘业股份,600128,Company
603026,石大胜华,603026,Company
600303,曙光股份,600303,Company
603011,合锻智能,603011,Company
000897,津滨发展,000897,Company
600993,马应龙,600993,Company
900947,振华Ｂ股,900947,Company
002560,通达股份,002560,Company
300283,温州宏丰,300283,Company
002303,美盈森,002303,Company
603020,爱普股份,603020,Company
600809,山西汾酒,600809,Company
002234,民和股份,002234,Company
300431,暴风集团,300431,Company
000950,建峰,000950,Company;ST
002625,光启技术,002625,Company
002512,达华智能,002512,Company
600246,万通地产,600246,Company
300367,东方网力,300367,Company
000582,北部湾港,000582,Company
600208,新湖中宝,600208,Company
600216,浙江医药,600216,Company
002748,世龙实业,002748,Company
603189,网达软件,603189,Company
300219,鸿利智汇,300219,Company
600527,江南高纤,600527,Company
002563,森马服饰,002563,Company
300455,康拓红外,300455,Company
300340,科恒股份,300340,Company
300563,神宇股份,300563,Company
300436,广生堂,300436,Company
600890,中房股份,600890,Company
002578,闽发铝业,002578,Company
900940,大名城B,900940,Company
000860,顺鑫农业,000860,Company
300327,中颖电子,300327,Company
002126,银轮股份,002126,Company
002413,雷科防务,002413,Company
603160,汇顶科技,603160,Company
603818,曲美家居,603818,Company
603718,海利生物,603718,Company
600348,阳泉煤业,600348,Company
601588,北辰实业,601588,Company
600177,雅戈尔,600177,Company
000524,岭南控股,000524,Company
600052,浙江广厦,600052,Company
600016,民生银行,600016,Company
603858,步长制药,603858,Company
002719,麦趣尔,002719,Company
601179,中国西电,601179,Company
600059,古越龙山,600059,Company
600836,界龙实业,600836,Company
002357,富临运业,002357,Company
002247,帝龙文化,002247,Company
300332,天壕环境,300332,Company
300158,振东制药,300158,Company
002731,萃华珠宝,002731,Company
600778,友好集团,600778,Company
300286,安科瑞,300286,Company
002577,雷柏科技,002577,Company
000796,凯撒旅游,000796,Company
300328,宜安科技,300328,Company
603090,宏盛股份,603090,Company
000811,冰轮环境,000811,Company
600479,千金药业,600479,Company
002448,中原内配,002448,Company
000560,昆百大Ａ,000560,Company
002474,榕基软件,002474,Company
300207,欣旺达,300207,Company
002283,天润曲轴,002283,Company
000722,湖南发展,000722,Company
002382,蓝帆医疗,002382,Company
600573,惠泉啤酒,600573,Company
002281,光迅科技,002281,Company
600282,南钢股份,600282,Company
600821,津劝业,600821,Company
300324,旋极信息,300324,Company
300272,开能环保,300272,Company
000503,海虹控股,000503,Company
600737,中粮糖业,600737,Company
002296,辉煌科技,002296,Company
002031,巨轮智能,002031,Company
002286,保龄宝,002286,Company
600482,中国动力,600482,Company
600243,青海华鼎,600243,Company
600612,老凤祥,600612,Company
000703,恒逸石化,000703,Company
600997,开滦股份,600997,Company
603916,苏博特,603916,Company
000711,京蓝科技,000711,Company
900902,市北B股,900902,Company
600489,中金黄金,600489,Company
300415,伊之密,300415,Company
000558,莱茵体育,000558,Company
900955,海创B股,900955,Company
603318,派思股份,603318,Company
900935,阳晨Ｂ股,900935,Company
002752,昇兴股份,002752,Company
002707,众信旅游,002707,Company
002158,汉钟精机,002158,Company
600247,成城,600247,Company;ST
002191,劲嘉股份,002191,Company
603655,朗博科技,603655,Company
000658,海洋,000658,Company;ST
300501,海顺新材,300501,Company
603568,伟明环保,603568,Company
002699,美盛文化,002699,Company
600852,中川,600852,Company;ST
002197,证通电子,002197,Company
000889,茂业通信,000889,Company
600818,中路股份,600818,Company
002489,浙江永强,002489,Company
200706,瓦轴B,200706,Company
600461,洪城水业,600461,Company
600601,方正科技,600601,Company
601882,海天精工,601882,Company
002405,四维图新,002405,Company
601107,四川成渝,601107,Company
002362,汉王科技,002362,Company
300050,世纪鼎利,300050,Company
601012,隆基股份,601012,Company
600483,福能股份,600483,Company
600186,莲花健康,600186,Company
002518,科士达,002518,Company
600545,卓郎智能,600545,Company
600540,新赛,600540,Company;ST
600844,丹科,600844,Company;ST
603993,洛阳钼业,603993,Company
300084,海默科技,300084,Company
600982,宁波热电,600982,Company
002211,宏达新材,002211,Company
600218,全柴动力,600218,Company
600529,山东药玻,600529,Company
002110,三钢闽光,002110,Company
900941,东信Ｂ股,900941,Company
300152,科融环境,300152,Company
600011,华能国际,600011,Company
600507,方大特钢,600507,Company
002648,卫星石化,002648,Company
002139,拓邦股份,002139,Company
600372,中航电子,600372,Company
000059,华锦股份,000059,Company
603008,喜临门,603008,Company
000766,通化金马,000766,Company
600212,江泉实业,600212,Company
200986,粤华包Ｂ,200986,Company
300111,向日葵,300111,Company
600476,湘邮科技,600476,Company
300565,科信技术,300565,Company
300396,迪瑞医疗,300396,Company
600611,大众交通,600611,Company
600845,宝信软件,600845,Company
600310,桂东电力,600310,Company
601225,陕西煤业,601225,Company
603606,东方电缆,603606,Company
002793,东音股份,002793,Company
600444,国机通用,600444,Company
300293,蓝英装备,300293,Company
600077,宋都股份,600077,Company
002437,誉衡药业,002437,Company
300566,激智科技,300566,Company
300413,快乐购,300413,Company
002315,焦点科技,002315,Company
300297,蓝盾股份,300297,Company
002644,佛慈制药,002644,Company
002208,合肥城建,002208,Company
002725,跃岭股份,002725,Company
600122,宏图高科,600122,Company
000592,平潭发展,000592,Company
600538,国发股份,600538,Company
000584,哈工智能,000584,Company
002198,嘉应制药,002198,Company
000608,阳光股份,000608,Company
603678,火炬电子,603678,Company
000850,华茂股份,000850,Company
000420,吉林化纤,000420,Company
603168,莎普爱思,603168,Company
000055,方大集团,000055,Company
600205,S山东铝,600205,Company
002137,麦达数字,002137,Company
600700,数码,600700,Company;ST
002510,天汽模,002510,Company
600423,柳化,600423,Company;ST
600990,四创电子,600990,Company
002580,圣阳股份,002580,Company
300147,香雪制药,300147,Company
600510,黑牡丹,600510,Company
002423,中原特钢,002423,Company
600105,永鼎股份,600105,Company
603986,兆易创新,603986,Company
300417,南华仪器,300417,Company
002115,三维通信,002115,Company
600689,上海三毛,600689,Company
603778,乾景园林,603778,Company
000047,中侨,000047,Company;ST
000662,天夏智慧,000662,Company
002250,联化科技,002250,Company
000602,金马集团,000602,Company
600015,华夏银行,600015,Company
000022,深赤湾Ａ,000022,Company
601226,华电重工,601226,Company
300244,迪安诊断,300244,Company
600007,中国国贸,600007,Company
600683,京投发展,600683,Company
002757,南兴装备,002757,Company
300398,飞凯材料,300398,Company
000413,东旭光电,000413,Company
603336,宏辉果蔬,603336,Company
002821,凯莱英,002821,Company
603567,珍宝岛,603567,Company
000948,南天信息,000948,Company
600526,菲达环保,600526,Company
000756,新华制药,000756,Company
300103,达刚路机,300103,Company
300010,立思辰,300010,Company
002111,威海广泰,002111,Company
002117,东港股份,002117,Company
300016,北陆药业,300016,Company
000993,闽东电力,000993,Company
300093,金刚玻璃,300093,Company
600735,新华锦,600735,Company
600462,九有股份,600462,Company
600065,联谊,600065,Company;ST
002391,长青股份,002391,Company
002307,北新路桥,002307,Company
600826,兰生股份,600826,Company
300369,绿盟科技,300369,Company
000417,合肥百货,000417,Company
600409,三友化工,600409,Company
600072,中船科技,600072,Company
000883,湖北能源,000883,Company
300731,科创新源,300731,Company
002669,康达新材,002669,Company
300322,硕贝德,300322,Company
600410,华胜天成,600410,Company
603283,赛腾股份,603283,Company
300372,欣泰退,300372,Company
000555,神州信息,000555,Company
900930,沪普B,900930,Company;ST
000875,吉电股份,000875,Company
300387,富邦股份,300387,Company
600521,华海药业,600521,Company
300383,光环新网,300383,Company
600995,文山电力,600995,Company
300029,天龙光电,300029,Company
000089,深圳机场,000089,Company
002125,湘潭电化,002125,Company
000751,锌业股份,000751,Company
002736,国信证券,002736,Company
300361,奥赛康,300361,Company
601311,骆驼股份,601311,Company
600499,科达洁能,600499,Company
002273,水晶光电,002273,Company
600466,蓝光发展,600466,Company
002183,怡亚通,002183,Company
000090,天健集团,000090,Company
600139,西部资源,600139,Company
600110,诺德股份,600110,Company
002431,棕榈股份,002431,Company
200761,本钢板Ｂ,200761,Company
002797,第一创业,002797,Company
002178,延华智能,002178,Company
300017,网宿科技,300017,Company
200725,京东方Ｂ,200725,Company
600167,联美控股,600167,Company
002065,东华软件,002065,Company
600740,山西焦化,600740,Company
600156,华升股份,600156,Company
002276,万马股份,002276,Company
300500,启迪设计,300500,Company
600097,开创国际,600097,Company
600198,大唐电信,600198,Company
000750,国海证券,000750,Company
002259,升达林业,002259,Company
601038,一拖股份,601038,Company
600882,广泽股份,600882,Company
300506,名家汇,300506,Company
300107,建新股份,300107,Company
600651,飞乐音响,600651,Company
600278,东方创业,600278,Company
002072,凯瑞德,002072,Company
002346,柘中股份,002346,Company
600674,川投能源,600674,Company
002519,银河电子,002519,Company
600393,粤泰股份,600393,Company
600367,红星发展,600367,Company
300334,津膜科技,300334,Company
600498,烽火通信,600498,Company
300562,乐心医疗,300562,Company
300251,光线传媒,300251,Company
600361,华联综超,600361,Company
002524,光正集团,002524,Company
603518,维格娜丝,603518,Company
002498,汉缆股份,002498,Company
600849,上药转换,600849,Company
601700,风范股份,601700,Company
002643,万润股份,002643,Company
000591,太阳能,000591,Company
600133,东湖高新,600133,Company
000881,中广核技,000881,Company
600008,首创股份,600008,Company
000915,山大华特,000915,Company
600325,华发股份,600325,Company
000712,锦龙股份,000712,Company
002181,粤传媒,002181,Company
600353,旭光股份,600353,Company
002156,通富微电,002156,Company
603798,康普顿,603798,Company
600238,海南椰岛,600238,Company
300220,金运激光,300220,Company
002568,百润股份,002568,Company
000987,越秀金控,000987,Company
002298,中电鑫龙,002298,Company
300315,掌趣科技,300315,Company
600739,辽宁成大,600739,Company
002225,濮耐股份,002225,Company
000506,中润资源,000506,Company
300085,银之杰,300085,Company
000564,供销大集,000564,Company
002195,二三四五,002195,Company
600355,精伦电子,600355,Company
001696,宗申动力,001696,Company
002052,同洲电子,002052,Company
601238,广汽集团,601238,Company
600629,华建集团,600629,Company
000014,沙河股份,000014,Company
300442,普丽盛,300442,Company
600819,耀皮玻璃,600819,Company
603958,哈森股份,603958,Company
600710,常林,600710,Company;ST
603566,普莱柯,603566,Company
002224,三力士,002224,Company
900920,上柴Ｂ股,900920,Company
900911,金桥Ｂ股,900911,Company
600452,涪陵电力,600452,Company
002267,陕天然气,002267,Company
600570,恒生电子,600570,Company
600830,香溢融通,600830,Company
900925,机电Ｂ股,900925,Company
600793,宜宾纸业,600793,Company
002036,联创电子,002036,Company
600738,兰州民百,600738,Company
600690,青岛海尔,600690,Company
603708,家家悦,603708,Company
002586,围海股份,002586,Company
900906,中毅达B,900906,Company
002233,塔牌集团,002233,Company
002029,七匹狼,002029,Company
600055,万东医疗,600055,Company
300271,华宇软件,300271,Company
600511,国药股份,600511,Company
600625,PT水仙,600625,Company
002168,深圳惠程,002168,Company
002753,永东股份,002753,Company
600869,智慧能源,600869,Company
002219,恒康医疗,002219,Company
603167,渤海轮渡,603167,Company
002693,双成药业,002693,Company
002618,丹邦科技,002618,Company
600832,东方明珠,600832,Company
002403,爱仕达,002403,Company
600418,江淮汽车,600418,Company
002295,精艺股份,002295,Company
601788,光大证券,601788,Company
000825,太钢不锈,000825,Company
000001,平安银行,000001,Company
000557,西部创业,000557,Company
300291,华录百纳,300291,Company
002545,东方铁塔,002545,Company
600074,保千里,600074,Company;ST
002550,千红制药,002550,Company
002284,亚太股份,002284,Company
603508,思维列控,603508,Company
300439,美康生物,300439,Company
000015,PT中浩A,000015,Company
600151,航天机电,600151,Company
600403,大有,600403,Company;ST
300139,晓程科技,300139,Company
000530,大冷股份,000530,Company
002416,爱施德,002416,Company
601333,广深铁路,601333,Company
002112,三变科技,002112,Company
002361,神剑股份,002361,Company
900938,天海B,900938,Company
603393,新天然气,603393,Company
600117,西宁特钢,600117,Company
300393,中来股份,300393,Company
002732,燕塘乳业,002732,Company
002864,盘龙药业,002864,Company
000732,泰禾集团,000732,Company
600062,华润双鹤,600062,Company
300416,苏试试验,300416,Company
600886,国投电力,600886,Company
000927,一汽夏利,000927,Company
600894,广日股份,600894,Company
002602,世纪华通,002602,Company
002662,京威股份,002662,Company
000553,沙隆达Ａ,000553,Company
600879,航天电子,600879,Company
300336,新文化,300336,Company
600152,维科精华,600152,Company
002610,爱康科技,002610,Company
002575,群兴玩具,002575,Company
000978,桂林旅游,000978,Company
603028,赛福天,603028,Company
600608,沪科,600608,Company;ST
300468,四方精创,300468,Company
300124,汇川技术,300124,Company
002394,联发股份,002394,Company
601996,丰林集团,601996,Company
002468,申通快递,002468,Company
002912,中新赛克,002912,Company
002737,葵花药业,002737,Company
600666,奥瑞德,600666,Company
600048,保利地产,600048,Company
600679,上海凤凰,600679,Company
002742,三圣股份,002742,Company
900943,开开Ｂ股,900943,Company
900913,国新B股,900913,Company
603685,晨丰科技,603685,Company
002771,真视通,002771,Company
000878,云南铜业,000878,Company
002020,京新药业,002020,Company
002256,兆新股份,002256,Company
600975,新五丰,600975,Company
000909,数源科技,000909,Company
000502,绿景控股,000502,Company
600108,亚盛集团,600108,Company
603969,银龙股份,603969,Company
600636,爱富,600636,Company;ST
002170,芭田股份,002170,Company
000528,柳工,000528,Company
300344,太空板业,300344,Company
600101,明星电力,600101,Company
000753,漳州发展,000753,Company
300354,东华测试,300354,Company
002671,龙泉股份,002671,Company
603322,超讯通信,603322,Company
600663,陆家嘴,600663,Company
600157,永泰能源,600157,Company
002220,天宝食品,002220,Company
600671,天目药业,600671,Company
300141,和顺电气,300141,Company
002453,天马精化,002453,Company
000018,神州长城,000018,Company
002739,万达电影,002739,Company
600141,兴发集团,600141,Company
300184,力源信息,300184,Company
002113,天润数娱,002113,Company
300057,万顺股份,300057,Company
600861,北京城乡,600861,Company
601998,中信银行,601998,Company
300091,金通灵,300091,Company
300474,景嘉微,300474,Company
600286,国瓷,600286,Company;ST
000728,国元证券,000728,Company
300502,新易盛,300502,Company
002733,雄韬股份,002733,Company
601216,君正集团,601216,Company
000623,吉林敖东,000623,Company
600751,天海投资,600751,Company
601798,蓝科高新,601798,Company
002490,墨龙,002490,Company;ST
002251,步步高,002251,Company
600037,歌华有线,600037,Company
000509,华塑控股,000509,Company
200019,深深宝Ｂ,200019,Company
600562,国睿科技,600562,Company
002142,宁波银行,002142,Company
600257,大湖股份,600257,Company
300374,恒通科技,300374,Company
000962,东方钽业,000962,Company
600763,通策医疗,600763,Company
600130,波导股份,600130,Company
002813,路畅科技,002813,Company
002621,三垒股份,002621,Company
300165,天瑞仪器,300165,Company
000521,美菱电器,000521,Company
600665,天地源,600665,Company
600695,绿庭投资,600695,Company
600003,东北高,600003,Company;ST
300362,天翔环境,300362,Company
603288,海天味业,603288,Company
600873,梅花生物,600873,Company
002409,雅克科技,002409,Company
002310,东方园林,002310,Company
300131,英唐智控,300131,Company
300170,汉得信息,300170,Company
600908,无锡银行,600908,Company
002722,金轮股份,002722,Company
200550,江铃Ｂ,200550,Company
603727,博迈科,603727,Company
002664,长鹰信质,002664,Company
000657,中钨高新,000657,Company
002363,隆基机械,002363,Company
002913,奥士康,002913,Company
600563,法拉电子,600563,Company
600899,信联,600899,Company;ST
300527,华舟应急,300527,Company
000572,海马汽车,000572,Company
200992,中鲁Ｂ,200992,Company
000570,苏常柴Ａ,000570,Company
600313,农发种业,600313,Company
600225,松江,600225,Company;ST
300452,山河药辅,300452,Company
300567,精测电子,300567,Company
000911,南宁糖业,000911,Company
002438,江苏神通,002438,Company
600153,建发股份,600153,Company
300384,三联虹普,300384,Company
000985,大庆华科,000985,Company
300089,文化长城,300089,Company
000880,潍柴重机,000880,Company
000065,北方国际,000065,Company
002702,海欣食品,002702,Company
600337,美克家居,600337,Company
000063,中兴通讯,000063,Company
002683,宏大爆破,002683,Company
603098,森特股份,603098,Company
600561,江西长运,600561,Company
002196,方正电机,002196,Company
600652,游久游戏,600652,Company
002809,红墙股份,002809,Company
000402,金融街,000402,Company
300163,先锋新材,300163,Company
000887,中鼎股份,000887,Company
600965,福成股份,600965,Company
600259,广晟有色,600259,Company
603909,合诚股份,603909,Company
600316,洪都航空,600316,Company
000661,长春高新,000661,Company
600132,重庆啤酒,600132,Company
002377,国创高新,002377,Company
900924,上工Ｂ股,900924,Company
603601,再升科技,603601,Company
300405,科隆股份,300405,Company
300380,安硕信息,300380,Company
300228,富瑞特装,300228,Company
300262,巴安水务,300262,Company
300365,恒华科技,300365,Company
600850,华东电脑,600850,Company
300366,创意信息,300366,Company
600012,皖通高速,600012,Company
000679,大连友谊,000679,Company
002134,普林,002134,Company;ST
603558,健盛集团,603558,Company
002554,惠博普,002554,Company
300079,数码科技,300079,Company
002193,如意集团,002193,Company
600868,梅雁吉祥,600868,Company
600192,长城电工,600192,Company
300313,天山生物,300313,Company
002032,苏泊尔,002032,Company
000675,银山,000675,Company;ST
600515,海航基础,600515,Company
600653,申华控股,600653,Company
600796,钱江生化,600796,Company
000795,英洛华,000795,Company
600298,安琪酵母,600298,Company
002344,海宁皮城,002344,Company
002368,太极股份,002368,Company
603308,应流股份,603308,Company
600547,山东黄金,600547,Company
300096,易联众,300096,Company
603559,中通国脉,603559,Company
002243,通产丽星,002243,Company
600764,中电广通,600764,Company
002069,獐子岛,002069,Company
002323,雅百特,002323,Company
300113,顺网科技,300113,Company
600753,东方银星,600753,Company
600081,东风科技,600081,Company
603636,南威软件,603636,Company
000681,视觉中国,000681,Company
002674,兴业科技,002674,Company
000759,中百集团,000759,Company
300004,南风股份,300004,Company
300067,安诺其,300067,Company
300101,振芯科技,300101,Company
000523,广州浪奇,000523,Company
300031,宝通科技,300031,Company
002249,大洋电机,002249,Company
600707,彩虹股份,600707,Company
300533,冰川网络,300533,Company
002049,紫光国芯,002049,Company
002497,雅化集团,002497,Company
900928,临港B股,900928,Company
300201,海伦哲,300201,Company
600884,杉杉股份,600884,Company
000504,南华生物,000504,Company
002272,川润股份,002272,Company
000851,高鸿股份,000851,Company
600637,东方明珠,600637,Company
900937,华电Ｂ股,900937,Company
601718,际华集团,601718,Company
603898,好莱客,603898,Company
002789,建艺集团,002789,Company
002478,常宝股份,002478,Company
600422,昆药集团,600422,Company
300252,金信诺,300252,Company
603365,水星家纺,603365,Company
300391,康跃科技,300391,Company
600655,豫园股份,600655,Company
600858,银座股份,600858,Company
600721,百花村,600721,Company
300333,兆日科技,300333,Company
300449,汉邦高科,300449,Company
002522,浙江众成,002522,Company
002290,中科新材,002290,Company
002232,启明信息,002232,Company
600812,华北制药,600812,Company
000333,美的集团,000333,Company
300218,安利股份,300218,Company
600575,皖江物流,600575,Company
600808,马钢股份,600808,Company
600647,同达创业,600647,Company
603703,盛洋科技,603703,Company
600985,雷鸣科化,600985,Company
002584,西陇科学,002584,Company
000908,景峰医药,000908,Company
002108,沧州明珠,002108,Company
600641,万业企业,600641,Company
300359,全通教育,300359,Company
603067,振华股份,603067,Company
002822,中装建设,002822,Company
300246,宝莱特,300246,Company
300109,新开源,300109,Company
002444,巨星科技,002444,Company
600877,嘉陵,600877,Company;ST
300296,利亚德,300296,Company
600190,锦州港,600190,Company
300256,星星科技,300256,Company
000532,华金资本,000532,Company
002395,双象股份,002395,Company
600449,宁夏建材,600449,Company
002570,贝因美,002570,Company
600551,时代出版,600551,Company
000899,赣能股份,000899,Company
603069,海汽集团,603069,Company
600543,莫高股份,600543,Company
600734,实达集团,600734,Company
603019,中科曙光,603019,Company
002827,高争民爆,002827,Company
300140,中环装备,300140,Company
603605,珀莱雅,603605,Company
002724,海洋王,002724,Company
002583,海能达,002583,Company
600743,华远地产,600743,Company
200468,宁通B,200468,Company;ST
002023,海特高新,002023,Company
600897,厦门空港,600897,Company
300320,海达股份,300320,Company
000757,浩物股份,000757,Company
000419,通程控股,000419,Company
300019,硅宝科技,300019,Company
300155,安居宝,300155,Company
603608,天创时尚,603608,Company
002775,文科园林,002775,Company
300037,新宙邦,300037,Company
002238,天威视讯,002238,Company
603959,百利科技,603959,Company
600610,中毅达,600610,Company
600876,洛阳玻璃,600876,Company
000997,新大陆,000997,Company
002496,辉丰股份,002496,Company
300509,新美星,300509,Company
600187,国中水务,600187,Company
300318,博晖创新,300318,Company
300043,星辉娱乐,300043,Company
002164,宁波东力,002164,Company
600256,广汇能源,600256,Company
000820,神雾节能,000820,Company
002304,洋河股份,002304,Company
600477,杭萧钢构,600477,Company
600340,华夏幸福,600340,Company
002738,中矿资源,002738,Company
000156,华数传媒,000156,Company
000738,航发控制,000738,Company
600100,同方股份,600100,Company
601633,长城汽车,601633,Company
300394,天孚通信,300394,Company
300231,银信科技,300231,Company
600559,老白干酒,600559,Company
600149,坊展,600149,Company;ST
900919,绿庭B股,900919,Company
300045,华力创通,300045,Company
600668,尖峰集团,600668,Company
600822,上海物贸,600822,Company
000615,京汉股份,000615,Company
600987,航民股份,600987,Company
300375,鹏翎股份,300375,Company
300030,阳普医疗,300030,Company
600317,营口港,600317,Company
002209,达意隆,002209,Company
002083,孚日股份,002083,Company
300018,中元股份,300018,Company
600446,金证股份,600446,Company
002412,汉森制药,002412,Company
600898,国美通讯,600898,Company
002244,滨江集团,002244,Company
600621,华鑫股份,600621,Company
600196,复星医药,600196,Company
603309,维力医疗,603309,Company
600220,江苏阳光,600220,Company
002367,康力电梯,002367,Company
603848,好太太,603848,Company
600688,上海石化,600688,Company
600718,东软集团,600718,Company
300162,雷曼股份,300162,Company
600217,中再资环,600217,Company
600269,赣粤高速,600269,Company
603328,依顿电子,603328,Company
600766,园城黄金,600766,Company
002517,恺英网络,002517,Company
600095,哈高科,600095,Company
600033,福建高速,600033,Company
601567,三星医疗,601567,Company
600127,金健米业,600127,Company
002188,巴士在线,002188,Company
002100,天康生物,002100,Company
000607,华媒控股,000607,Company
000789,万年青,000789,Company
600236,桂冠电力,600236,Company
600328,兰太实业,600328,Company
600864,哈投股份,600864,Company
000548,湖南投资,000548,Company
002074,国轩高科,002074,Company
300412,迦南科技,300412,Company
002778,高科石化,002778,Company
601777,力帆股份,601777,Company
600880,博瑞传播,600880,Company
000900,现代投资,000900,Company
200505,珠江B,200505,Company
000050,深天马Ａ,000050,Company
900907,鹏起Ｂ股,900907,Company
002182,云海金属,002182,Company
200053,深基地Ｂ,200053,Company
600098,广州发展,600098,Company
002169,智光电气,002169,Company
300539,横河模具,300539,Company
601699,潞安环能,601699,Company
300222,科大智能,300222,Company
000758,中色股份,000758,Company
300397,天和防务,300397,Company
002340,格林美,002340,Company
600569,安阳钢铁,600569,Company
600811,东方集团,600811,Company
300426,唐德影视,300426,Company
002653,海思科,002653,Company
002571,德力,002571,Company;ST
002356,赫美集团,002356,Company
600583,海油工程,600583,Company
000571,新大洲Ａ,000571,Company
002534,杭锅股份,002534,Company
002330,得利斯,002330,Company
000035,中国天楹,000035,Company
603029,天鹅股份,603029,Company
000837,秦川机床,000837,Company
600161,天坛生物,600161,Company
300021,大禹节水,300021,Company
300395,菲利华,300395,Company
603399,新华龙,603399,Company
300310,宜通世纪,300310,Company
600106,重庆路桥,600106,Company
002526,山东矿机,002526,Company
600600,青岛啤酒,600600,Company
002762,金发拉比,002762,Company
600589,广东榕泰,600589,Company
300132,青松股份,300132,Company
600801,华新水泥,600801,Company
000597,东北制药,000597,Company
600063,皖维高新,600063,Company
002590,万安科技,002590,Company
600719,大连热电,600719,Company
600686,金龙汽车,600686,Company
600620,天宸股份,600620,Company
601288,农业银行,601288,Company
002425,凯撒文化,002425,Company
002422,科伦药业,002422,Company
002062,宏润建设,002062,Company
000671,阳光城,000671,Company
002629,仁智股份,002629,Company
600145,新亿,600145,Company;ST
002207,准油,002207,Company;ST
300316,晶盛机电,300316,Company
000158,常山北明,000158,Company
300549,优德精密,300549,Company
600704,物产中大,600704,Company
300257,开山股份,300257,Company
002548,金新农,002548,Company
000966,长源电力,000966,Company
002649,博彦科技,002649,Company
600363,联创光电,600363,Company
002194,武汉凡谷,002194,Company
603033,三维股份,603033,Company
002252,上海莱士,002252,Company
300253,卫宁健康,300253,Company
600162,香江控股,600162,Company
002418,康盛股份,002418,Company
002494,华斯股份,002494,Company
300247,乐金健康,300247,Company
002373,千方科技,002373,Company
002713,东易日盛,002713,Company
600837,海通证券,600837,Company
002189,利达光电,002189,Company
600231,凌钢股份,600231,Company
000970,中科三环,000970,Company
002633,申科股份,002633,Company
600380,健康元,600380,Company
002095,生意宝,002095,Company
600888,新疆众和,600888,Company
002309,中利集团,002309,Company
300055,万邦达,300055,Company
300467,迅游科技,300467,Company
600397,安源煤业,600397,Company
900952,锦港Ｂ股,900952,Company
300187,永清环保,300187,Company
300287,飞利信,300287,Company
600919,江苏银行,600919,Company
002098,浔兴股份,002098,Company
000033,新都退,000033,Company
601011,宝泰隆,601011,Company
000627,天茂集团,000627,Company
000166,申万宏源,000166,Company
600749,西藏旅游,600749,Company
600215,长春经开,600215,Company
600532,宏达矿业,600532,Company
002414,高德红外,002414,Company
000903,云内动力,000903,Company
002011,盾安环境,002011,Company
300213,佳讯飞鸿,300213,Company
600841,上柴股份,600841,Company
000037,深南电A,000037,Company
601566,九牧王,601566,Company
300130,新国都,300130,Company
002386,天原集团,002386,Company
000070,特发信息,000070,Company
300331,苏大维格,300331,Company
600715,文投控股,600715,Company
002104,恒宝股份,002104,Company
603861,白云电器,603861,Company
300531,优博讯,300531,Company
300736,N百华,300736,Company
600712,南宁百货,600712,Company
000877,天山股份,000877,Company
600283,钱江水利,600283,Company
603083,剑桥科技,603083,Company
300281,金明精机,300281,Company
002143,印纪传媒,002143,Company
000598,兴蓉环境,000598,Company
002160,常铝股份,002160,Company
600425,青松,600425,Company;ST
600798,宁波海运,600798,Company
002728,特一药业,002728,Company
002349,精华制药,002349,Company
300516,久之洋,300516,Company
000031,中粮地产,000031,Company
300727,润禾材料,300727,Company
002260,德奥通航,002260,Company
600518,康美药业,600518,Company
002592,八菱科技,002592,Company
601233,桐昆股份,601233,Company
603005,晶方科技,603005,Company
300311,任子行,300311,Company
002803,吉宏股份,002803,Company
300151,昌红科技,300151,Company
600277,亿利洁能,600277,Company
002504,弘高,002504,Company;ST
000787,创智,000787,Company;ST
300581,晨曦航空,300581,Company
002823,凯中精密,002823,Company
002667,鞍重股份,002667,Company
002317,众生药业,002317,Company
002562,兄弟科技,002562,Company
000716,黑芝麻,000716,Company
002569,步森股份,002569,Company
600183,生益科技,600183,Company
000721,西安饮食,000721,Company
600092,精密,600092,Company;ST
603819,神力股份,603819,Company
002129,中环股份,002129,Company
002717,岭南园林,002717,Company
601390,中国中铁,601390,Company
600273,嘉化能源,600273,Company
600565,迪马股份,600565,Company
600333,长春燃气,600333,Company
600971,恒源煤电,600971,Company
300465,高伟达,300465,Company
600071,凤凰光学,600071,Company
600327,大东方,600327,Company
900926,宝信Ｂ,900926,Company
300039,上海凯宝,300039,Company
000806,银河生物,000806,Company
300064,豫金刚石,300064,Company
300205,天喻信息,300205,Company
600846,同济科技,600846,Company
002451,摩恩电气,002451,Company
002655,共达电声,002655,Company
600602,云赛智联,600602,Company
300044,赛为智能,300044,Company
300081,恒信东方,300081,Company
603036,如通股份,603036,Company
603658,安图生物,603658,Company
300356,光一科技,300356,Company
300418,昆仑万维,300418,Company
002261,拓维信息,002261,Company
000717,韶钢松山,000717,Company
601607,上海医药,601607,Company
600606,绿地控股,600606,Company
600960,渤海活塞,600960,Company
002262,恩华药业,002262,Company
002465,海格通信,002465,Company
300525,博思软件,300525,Company
600265,景谷,600265,Company;ST
002229,鸿博股份,002229,Company
300306,远方信息,300306,Company
000593,大通燃气,000593,Company
900927,物贸Ｂ股,900927,Company
600199,金种子酒,600199,Company
002627,宜昌交运,002627,Company
600330,天通股份,600330,Company
002279,久其软件,002279,Company
200022,深赤湾Ｂ,200022,Company
300298,三诺生物,300298,Company
600851,海欣股份,600851,Company
000629,钒钛,000629,Company;ST
601888,中国国旅,601888,Company
300448,浩云科技,300448,Company
300154,瑞凌股份,300154,Company
002599,盛通股份,002599,Company
600664,哈药股份,600664,Company
300576,容大感光,300576,Company
300345,红宇新材,300345,Company
600605,汇通能源,600605,Company
002626,金达威,002626,Company
600111,北方稀土,600111,Company
600078,澄星股份,600078,Company
300499,高澜股份,300499,Company
600660,福耀玻璃,600660,Company
600083,博信股份,600083,Company
300127,银河磁体,300127,Company
000667,美好置业,000667,Company
300696,爱乐达,300696,Company
603883,老百姓,603883,Company
002436,兴森科技,002436,Company
601369,陕鼓动力,601369,Company
002483,润邦股份,002483,Company
300192,科斯伍德,300192,Company
002179,中航光电,002179,Company
600582,天地科技,600582,Company
002564,天沃科技,002564,Company
002428,云南锗业,002428,Company
600102,莱钢股份,600102,Company
002236,大华股份,002236,Company
002102,冠福股份,002102,Company
300217,东方电热,300217,Company
002172,澳洋科技,002172,Company
300052,中青宝,300052,Company
600537,亿晶光电,600537,Company
601519,智慧,601519,Company;ST
603023,威帝股份,603023,Company
601811,新华文轩,601811,Company
002507,涪陵榨菜,002507,Company
000534,万泽股份,000534,Company
300032,金龙机电,300032,Company
600685,中船防务,600685,Company
200539,粤电力Ｂ,200539,Company
600258,首旅酒店,600258,Company
300511,雪榕生物,300511,Company
300460,惠伦晶体,300460,Company
002881,美格智能,002881,Company
601002,晋亿实业,601002,Company
600833,第一医药,600833,Company
002270,华明装备,002270,Company
603323,吴江银行,603323,Company
600125,铁龙物流,600125,Company
600756,浪潮软件,600756,Company
300049,福瑞股份,300049,Company
000545,金浦钛业,000545,Company
000698,沈阳化工,000698,Company
300440,运达科技,300440,Company
600804,鹏博士,600804,Company
002291,星期六,002291,Company
600497,驰宏锌锗,600497,Company
000836,鑫茂科技,000836,Company
603010,万盛股份,603010,Company
300385,雪浪环境,300385,Company
000153,丰原药业,000153,Company
600607,上实医药,600607,Company
002807,江阴银行,002807,Company
603338,浙江鼎力,603338,Company
002379,宏创控股,002379,Company
601727,上海电气,601727,Company
002706,良信电器,002706,Company
000660,南华,000660,Company;ST
002135,东南网架,002135,Company
300589,江龙船艇,300589,Company
601117,中国化学,601117,Company
300199,翰宇药业,300199,Company
000513,丽珠集团,000513,Company
603118,共进股份,603118,Company
600027,华电国际,600027,Company
200018,神州B,200018,Company
000709,河钢股份,000709,Company
002651,利君股份,002651,Company
600517,置信电气,600517,Company
000748,长城信息,000748,Company
600432,吉恩,600432,Company;ST
002282,博深工具,002282,Company
300206,理邦仪器,300206,Company
002200,云投生态,002200,Company
300234,开尔新材,300234,Company
600239,云南城投,600239,Company
300202,聚龙股份,300202,Company
300033,同花顺,300033,Company
000536,华映科技,000536,Company
300302,同有科技,300302,Company
300273,和佳股份,300273,Company
000425,徐工机械,000425,Company
600789,鲁抗医药,600789,Company
002092,中泰化学,002092,Company
002481,双塔食品,002481,Company
900923,百联Ｂ股,900923,Company
002400,省广股份,002400,Company
600064,南京高科,600064,Company
600999,招商证券,600999,Company
600288,大恒科技,600288,Company
600070,浙江富润,600070,Company
601601,中国太保,601601,Company
300508,维宏股份,300508,Company
002537,海联金汇,002537,Company
000737,南风化工,000737,Company
300399,京天利,300399,Company
603025,大豪科技,603025,Company
002300,太阳电缆,002300,Company
300036,超图软件,300036,Company
000736,中交地产,000736,Company
000544,中原环保,000544,Company
603936,博敏电子,603936,Company
002514,宝馨科技,002514,Company
600552,凯盛科技,600552,Company
200045,深纺织Ｂ,200045,Company
200521,皖美菱Ｂ,200521,Company
600235,民丰特纸,600235,Company
600505,西昌电力,600505,Company
002228,合兴包装,002228,Company
600805,悦达投资,600805,Company
002177,御银股份,002177,Company
000905,厦门港务,000905,Company
000922,佳电,000922,Company;ST
601336,新华保险,601336,Company
600053,九鼎投资,600053,Company
000958,东方能源,000958,Company
300168,万达信息,300168,Company
002641,永高股份,002641,Company
300243,瑞丰高材,300243,Company
200058,深赛格B,200058,Company
300070,碧水源,300070,Company
601918,新集能源,601918,Company
002441,众业达,002441,Company
300061,康旗股份,300061,Company
002071,长城影视,002071,Company
600865,百大集团,600865,Company
002359,北讯集团,002359,Company
601127,小康股份,601127,Company
002040,南京港,002040,Company
002791,坚朗五金,002791,Company
002585,双星新材,002585,Company
300108,吉药控股,300108,Company
002521,齐峰新材,002521,Company
300559,佳发安泰,300559,Company
600593,大连圣亚,600593,Company
603660,苏州科达,603660,Company
002398,建研集团,002398,Company
600736,苏州高新,600736,Company
600513,联环药业,600513,Company
000517,荣安地产,000517,Company
600076,康欣新材,600076,Company
600131,岷江水电,600131,Company
200017,深中华B,200017,Company
002149,西部材料,002149,Company
300355,蒙草生态,300355,Company
603669,灵康药业,603669,Company
600657,信达地产,600657,Company
900915,中路Ｂ股,900915,Company
300226,上海钢联,300226,Company
600276,恒瑞医药,600276,Company
600727,鲁北化工,600727,Company
601118,海南橡胶,601118,Company
300148,天舟文化,300148,Company
000151,中成股份,000151,Company
300569,天能重工,300569,Company
002230,科大讯飞,002230,Company
600428,中远海特,600428,Company
200168,舜喆B,200168,Company
600676,交运股份,600676,Company
300526,中潜股份,300526,Company
002202,金风科技,002202,Company
600487,亨通光电,600487,Company
300551,古鳌科技,300551,Company
002911,佛燃股份,002911,Company
600129,太极集团,600129,Company
002190,成飞集成,002190,Company
600193,创兴资源,600193,Company
300521,爱司凯,300521,Company
600703,三安光电,600703,Company
600576,祥源文化,600576,Company
600536,中国软件,600536,Company
200581,苏威孚Ｂ,200581,Company
600166,福田汽车,600166,Company
002245,澳洋顺昌,002245,Company
600178,东安动力,600178,Company
300169,天晟新材,300169,Company
000659,中富,000659,Company;ST
300212,易华录,300212,Company
000620,新华联,000620,Company
600168,武汉控股,600168,Company
300421,力星股份,300421,Company
300125,易世达,300125,Company
300309,吉艾科技,300309,Company
600635,大众公用,600635,Company
300342,天银机电,300342,Company
600572,康恩贝,600572,Company
600155,宝硕股份,600155,Company
600859,王府井,600859,Company
000767,漳泽电力,000767,Company
600795,国电电力,600795,Company
600742,一汽富维,600742,Company
002047,宝鹰股份,002047,Company
601268,二重,601268,Company;ST
600673,东阳光科,600673,Company
601101,昊华能源,601101,Company
600291,西水股份,600291,Company
002392,北京利尔,002392,Company
600590,泰豪科技,600590,Company
600386,北巴传媒,600386,Company
000926,福星股份,000926,Company
600745,闻泰科技,600745,Company
600025,华能水电,600025,Company
002576,通达动力,002576,Company
000565,渝三峡Ａ,000565,Company
600369,西南证券,600369,Company
300090,盛运环保,300090,Company
603017,中衡设计,603017,Company
002041,登海种业,002041,Company
000595,宝实,000595,Company;ST
600188,兖州煤业,600188,Company
200056,皇庭B,200056,Company
600365,通葡股份,600365,Company
300348,长亮科技,300348,Company
600615,丰华股份,600615,Company
000599,青岛双星,000599,Company
002285,世联行,002285,Company
200541,粤照明Ｂ,200541,Company
002755,东方新星,002755,Company
002830,名雕股份,002830,Company
600848,上海临港,600848,Company
600426,华鲁恒升,600426,Company
000032,深桑达Ａ,000032,Company
000995,皇台酒业,000995,Company
600406,国电南瑞,600406,Company
600661,新南洋,600661,Company
000610,西安旅游,000610,Company
600586,金晶科技,600586,Company
603701,德宏股份,603701,Company
000798,中水渔业,000798,Company
000848,承德露露,000848,Company
000415,渤海金控,000415,Company
002734,利民股份,002734,Company
603369,今世缘,603369,Company
002293,罗莱生活,002293,Company
002275,桂林三金,002275,Company
002210,飞马国际,002210,Company
002785,万里石,002785,Company
603268,松发股份,603268,Company
002579,中京电子,002579,Company
300240,飞力达,300240,Company
002263,大东南,002263,Company
600603,广汇物流,600603,Company
002439,启明星辰,002439,Company
300193,佳士科技,300193,Company
601801,皖新传媒,601801,Company
000803,金宇,000803,Company;ST
000638,万方发展,000638,Company
600066,宇通客车,600066,Company
600760,中航黑豹,600760,Company
002668,奥马电器,002668,Company
300058,蓝色光标,300058,Company
300528,幸福蓝海,300528,Company
002612,朗姿股份,002612,Company
002387,黑牛食品,002387,Company
600335,国机汽车,600335,Company
600500,中化国际,600500,Company
002039,黔源电力,002039,Company
601608,中信重工,601608,Company
002561,徐家汇,002561,Company
300408,三环集团,300408,Company
600189,吉林森工,600189,Company
600275,昌鱼,600275,Company;ST
002715,登云股份,002715,Company
000538,云南白药,000538,Company
600038,中直股份,600038,Company
300543,朗科智能,300543,Company
000818,方大化工,000818,Company
601799,星宇股份,601799,Company
600057,象屿股份,600057,Company
601688,华泰证券,601688,Company
002434,万里扬,002434,Company
002454,松芝股份,002454,Company
000062,深圳华强,000062,Company
601600,中国铝业,601600,Company
002601,龙蟒佰利,002601,Company
600439,瑞贝卡,600439,Company
601019,山东出版,601019,Company
000685,中山公用,000685,Company
000931,中关村,000931,Company
300723,一品红,300723,Company
002161,远望谷,002161,Company
600872,中炬高新,600872,Company
002828,贝肯能源,002828,Company
300558,贝达药业,300558,Company
000920,南方汇通,000920,Company
600143,金发科技,600143,Company
600336,澳柯玛,600336,Company
002594,比亚迪,002594,Company
300725,药石科技,300725,Company
900910,海立Ｂ股,900910,Company
000832,龙涤,000832,Company;ST
600555,海航创新,600555,Company
002242,九阳股份,002242,Company
600571,信雅达,600571,Company
002231,奥维通信,002231,Company
000917,电广传媒,000917,Company
000028,国药一致,000028,Company
002007,华兰生物,002007,Company
600587,新华医疗,600587,Company
600352,浙江龙盛,600352,Company
200025,特力Ｂ,200025,Company
002292,奥飞娱乐,002292,Company
002607,亚夏汽车,002607,Company
600285,羚锐制药,600285,Company
300308,中际旭创,300308,Company
000046,泛海控股,000046,Company
000949,新乡化纤,000949,Company
603477,振静股份,603477,Company
000029,深深房Ａ,000029,Company
000785,武汉中商,000785,Company
603108,润达医疗,603108,Company
600752,哈慈,600752,Company;ST
300137,先河环保,300137,Company
600429,三元股份,600429,Company
603900,莱绅通灵,603900,Company
300522,世名科技,300522,Company
000407,胜利股份,000407,Company
600770,综艺股份,600770,Company
300179,四方达,300179,Company
300144,宋城演艺,300144,Company
600794,保税科技,600794,Company
002501,利源精制,002501,Company
000799,酒鬼酒,000799,Company
002923,润都股份,002923,Company
300536,农尚环境,300536,Company
300457,赢合科技,300457,Company
000902,新洋丰,000902,Company
600420,现代制药,600420,Company
600649,城投控股,600649,Company
300437,清水源,300437,Company
000925,众合科技,000925,Company
601001,大同煤业,601001,Company
600030,中信证券,600030,Company
600557,康缘药业,600557,Company
600881,亚泰集团,600881,Company
300249,依米康,300249,Company
002464,众应互联,002464,Company
000601,韶能股份,000601,Company
600308,华泰股份,600308,Company
600201,生物股份,600201,Company
200012,南玻Ｂ,200012,Company
600272,开开实业,600272,Company
300573,兴齐眼药,300573,Company
000159,国际实业,000159,Company
001965,招商公路,001965,Company
601599,鹿港文化,601599,Company
300038,梅泰诺,300038,Company
002452,长高集团,002452,Company
000663,永安林业,000663,Company
600206,有研新材,600206,Company
300406,九强生物,300406,Company
600104,上汽集团,600104,Company
002558,巨人网络,002558,Company
000760,斯太尔,000760,Company
000612,焦作万方,000612,Company
600622,光大嘉宝,600622,Company
600305,恒顺醋业,600305,Company
002147,新光圆成,002147,Company
000990,诚志股份,000990,Company
002495,佳隆股份,002495,Company
002046,轴研科技,002046,Company
000682,东方电子,000682,Company
600701,工大高新,600701,Company
002613,北玻股份,002613,Company
600436,片仔癀,600436,Company
601636,旗滨集团,601636,Company
600004,白云机场,600004,Company
600817,宏盛,600817,Company;ST
000605,渤海股份,000605,Company
300545,联得装备,300545,Company
600580,卧龙电气,600580,Company
000505,珠江控股,000505,Company
000039,中集集团,000039,Company
300143,星普医科,300143,Company
600359,新农开发,600359,Company
002342,巨力索具,002342,Company
600226,瀚叶股份,600226,Company
002410,广联达,002410,Company
300128,锦富技术,300128,Company
601919,中远海控,601919,Company
000030,富奥股份,000030,Company
002812,创新股份,002812,Company
601166,兴业银行,601166,Company
603838,四通股份,603838,Company
002078,太阳纸业,002078,Company
300458,全志科技,300458,Company
002718,友邦吊顶,002718,Company
300560,中富通,300560,Company
600302,标准股份,600302,Company
600094,大名城,600094,Company
200152,山航Ｂ,200152,Company
200160,东沣B,200160,Company
300513,恒泰实达,300513,Company
603799,华友钴业,603799,Company
300034,钢研高纳,300034,Company
002628,成都路桥,002628,Company
002157,正邦科技,002157,Company
002485,希努尔,002485,Company
002486,嘉麟杰,002486,Company
600725,云维,600725,Company;ST
002480,新筑股份,002480,Company
600368,五洲交通,600368,Company
002014,永新股份,002014,Company
000733,振华科技,000733,Company
200020,深华发Ｂ,200020,Company
300466,赛摩电气,300466,Company
600080,金花股份,600080,Company
603997,继峰股份,603997,Company
300300,汉鼎宇佑,300300,Company
600296,S兰铝,600296,Company
002122,天马股份,002122,Company
002358,森源电气,002358,Company
300181,佐力药业,300181,Company
002329,皇氏集团,002329,Company
002609,捷顺科技,002609,Company
600203,福日电子,600203,Company
300149,量子高科,300149,Company
600172,黄河旋风,600172,Company
601818,光大银行,601818,Company
603001,奥康国际,603001,Company
300292,吴通控股,300292,Company
600723,首商股份,600723,Company
002687,乔治白,002687,Company
603688,石英股份,603688,Company
601928,凤凰传媒,601928,Company
000725,京东方Ａ,000725,Company
002372,伟星新材,002372,Company
000838,财信发展,000838,Company
002527,新时达,002527,Company
600000,浦发银行,600000,Company
603843,正平股份,603843,Company
300277,海联讯,300277,Company
300684,中石科技,300684,Company
002053,云南能投,002053,Company
300422,博世科,300422,Company
002557,洽洽食品,002557,Company
600613,神奇制药,600613,Company
000988,华工科技,000988,Company
000594,国恒退,000594,Company
002684,猛狮科技,002684,Company
300288,朗玛信息,300288,Company
000007,全新好,000007,Company
000726,鲁泰Ａ,000726,Company
600639,浦东金桥,600639,Company
603808,歌力思,603808,Company
603878,武进不锈,603878,Company
000056,皇庭国际,000056,Company
600684,珠江实业,600684,Company
300160,秀强股份,300160,Company
300190,维尔利,300190,Company
002513,蓝丰生化,002513,Company
601555,东吴证券,601555,Company
002280,联络互动,002280,Company
000705,浙江震元,000705,Company
600781,辅仁药业,600781,Company
002050,三花智控,002050,Company
600248,延长化建,600248,Company
002371,北方华创,002371,Company
000301,东方市场,000301,Company
900904,神奇B股,900904,Company
300541,先进数通,300541,Company
600788,达曼,600788,Company;ST
600263,路桥建设,600263,Company
002140,东华科技,002140,Company
002334,英威腾,002334,Company
002097,山河智能,002097,Company
000507,珠海港,000507,Company
000027,深圳能源,000027,Company
000566,海南海药,000566,Company
000890,法尔胜,000890,Company
300730,科创信息,300730,Company
600806,昆机,600806,Company;ST
600757,长江传媒,600757,Company
002021,中捷资源,002021,Company
000965,天保基建,000965,Company
300330,华虹计通,300330,Company
601886,江河集团,601886,Company
600301,南化,600301,Company;ST
603599,广信股份,603599,Company
600163,中闽能源,600163,Company
600609,金杯汽车,600609,Company
300260,新莱应材,300260,Company
200625,长安Ｂ,200625,Company
300230,永利股份,300230,Company
002817,黄山胶囊,002817,Company
601900,南方传媒,601900,Company
002297,博云新材,002297,Company
600780,通宝能源,600780,Company
002355,兴民智通,002355,Company
002084,海鸥卫浴,002084,Company
002028,思源电气,002028,Company
002516,旷达科技,002516,Company
002118,紫鑫药业,002118,Company
900939,汇丽B,900939,Company
300495,美尚生态,300495,Company
002328,新朋股份,002328,Company
600026,中远海能,600026,Company
200596,古井贡Ｂ,200596,Company
300073,当升科技,300073,Company
603823,百合花,603823,Company
300159,新研股份,300159,Company
300024,机器人,300024,Company
000655,金岭矿业,000655,Company
002670,国盛金控,002670,Company
002037,久联发展,002037,Company
600021,上海电力,600021,Company
002746,仙坛股份,002746,Company
300268,佳沃股份,300268,Company
002808,苏州恒久,002808,Company
002375,亚厦股份,002375,Company
000043,中航地产,000043,Company
002915,中欣氟材,002915,Company
000812,陕西金叶,000812,Company
002487,大金重工,002487,Company
603421,鼎信通讯,603421,Company
600981,汇鸿集团,600981,Company
600802,福建水泥,600802,Company
300546,雄帝科技,300546,Company
002663,普邦股份,002663,Company
600060,海信电器,600060,Company
300072,三聚环保,300072,Company
000960,锡业股份,000960,Company
600113,浙江东日,600113,Company
600728,佳都科技,600728,Company
300114,中航电测,300114,Company
002457,青龙管业,002457,Company
601628,中国人寿,601628,Company
600396,金山股份,600396,Company
600180,瑞茂通,600180,Company
300401,花园生物,300401,Company
600039,四川路桥,600039,Company
300276,三丰智能,300276,Company
000501,鄂武商Ａ,000501,Company
600358,国旅联合,600358,Company
002151,北斗星通,002151,Company
002174,游族网络,002174,Company
002424,贵州百灵,002424,Company
000656,金科股份,000656,Company
600332,白云山,600332,Company
601958,金钼股份,601958,Company
603018,中设集团,603018,Company
600350,山东高速,600350,Company
002426,胜利精密,002426,Company
000830,鲁西化工,000830,Company
600158,中体产业,600158,Company
002499,科林环保,002499,Company
300335,迪森股份,300335,Company
600375,华菱星马,600375,Company
900922,三毛B股,900922,Company
600191,华资实业,600191,Company
603809,豪能股份,603809,Company
300363,博腾股份,300363,Company
603555,贵人鸟,603555,Company
603027,千禾味业,603027,Company
600260,凯乐科技,600260,Company
600767,运盛,600767,Company;ST
300142,沃森生物,300142,Company
600135,乐凯胶片,600135,Company
300009,安科生物,300009,Company
002091,江苏国泰,002091,Company
600782,新钢股份,600782,Company
002059,云南旅游,002059,Company
300505,川金诺,300505,Company
000422,湖北宜化,000422,Company
000829,天音控股,000829,Company
601006,大秦铁路,601006,Company
601005,重钢,601005,Company;ST
000026,飞亚达Ａ,000026,Company
000539,粤电力Ａ,000539,Company
600211,西藏药业,600211,Company
601929,吉视传媒,601929,Company
600619,海立股份,600619,Company
600391,航发科技,600391,Company
603389,亚振家居,603389,Company
002166,莱茵生物,002166,Company
000596,古井贡酒,000596,Company
300299,富春股份,300299,Company
600900,长江电力,600900,Company
000715,中兴商业,000715,Company
601199,江南水务,601199,Company
002815,崇达技术,002815,Company
002043,兔宝宝,002043,Company
000568,泸州老窖,000568,Company
600339,中油工程,600339,Company
601139,深圳燃气,601139,Company
300435,中泰股份,300435,Company
300135,宝利国际,300135,Company
002316,键桥通讯,002316,Company
002268,卫士通,002268,Company
601339,百隆东方,601339,Company
600392,盛和资源,600392,Company
002800,天顺股份,002800,Company
002652,扬子新材,002652,Company
603816,顾家家居,603816,Company
002338,奥普光电,002338,Company
600035,楚天高速,600035,Company
300200,高盟新材,300200,Company
002044,美年健康,002044,Company
900917,海欣Ｂ股,900917,Company
002798,帝王洁具,002798,Company
002811,亚泰国际,002811,Company
600271,航天信息,600271,Company
002215,诺普信,002215,Company
600553,太行水泥,600553,Company
601299,中国北车,601299,Company
600103,青山纸业,600103,Company
601000,唐山港,601000,Company
000632,三木集团,000632,Company
000531,穗恒运Ａ,000531,Company
600692,亚通股份,600692,Company
000650,仁和药业,000650,Company
601099,太平洋,601099,Company
601106,一重,601106,Company;ST
002553,南方轴承,002553,Company
000916,华北高速,000916,Company
600604,市北高新,600604,Company
300198,纳川股份,300198,Company
002758,华通医药,002758,Company
000529,广弘控股,000529,Company
002475,立讯精密,002475,Company
002402,和而泰,002402,Company
300373,扬杰科技,300373,Company
600558,大西洋,600558,Company
600658,电子城,600658,Company
000691,亚太实业,000691,Company
601368,绿城水务,601368,Company
600121,郑煤,600121,Company;ST
601992,金隅股份,601992,Company
000768,中航飞机,000768,Company
603515,欧普照明,603515,Company
002552,宝鼎科技,002552,Company
002033,丽江旅游,002033,Company
600733,前锋,600733,Company;ST
600114,东睦股份,600114,Company
600592,龙溪股份,600592,Company
000010,美丽生态,000010,Company
002636,金安国纪,002636,Company
600959,江苏有线,600959,Company
600773,西藏城投,600773,Company
600546,山煤国际,600546,Company
000636,风华高科,000636,Company
002745,木林森,002745,Company
600249,两面针,600249,Company
603633,徕木股份,603633,Company
002574,明牌珠宝,002574,Company
300208,恒顺众昇,300208,Company
600073,上海梅林,600073,Company
600896,览海投资,600896,Company
002123,梦网集团,002123,Company
600137,浪莎股份,600137,Company
000567,海德股份,000567,Company
600714,金瑞矿业,600714,Company
603258,电魂网络,603258,Company
600630,龙头股份,600630,Company
300722,新余国科,300722,Company
002680,长生生物,002680,Company
002615,哈尔斯,002615,Company
300020,银江股份,300020,Company
300035,中科电气,300035,Company
600148,长春一东,600148,Company
002710,慈铭体检,002710,Company
002488,金固股份,002488,Company
000969,安泰科技,000969,Company
000021,深科技,000021,Company
000816,智慧农业,000816,Company
600566,济川药业,600566,Company
300146,汤臣倍健,300146,Company
600321,正源股份,600321,Company
600774,汉商集团,600774,Company
002237,恒邦股份,002237,Company
300664,鹏鹞环保,300664,Company
002705,新宝股份,002705,Company
300459,金科文化,300459,Company
603616,韩建河山,603616,Company
600768,宁波富邦,600768,Company
900942,黄山Ｂ股,900942,Company
000011,深物业A,000011,Company
300098,高新兴,300098,Company
002060,粤水电,002060,Company
300339,润和软件,300339,Company
002353,杰瑞股份,002353,Company
600634,富控互动,600634,Company
603970,中农立华,603970,Company
002801,微光股份,002801,Company
300048,合康新能,300048,Company
002567,唐人神,002567,Company
900953,凯马Ｂ,900953,Company
002740,爱迪尔,002740,Company
000403,生化,000403,Company;ST
601116,三江购物,601116,Company
600362,江西铜业,600362,Company
000951,中国重汽,000951,Company
601595,上海电影,601595,Company
002665,首航节能,002665,Company
600138,中青旅,600138,Company
603222,济民制药,603222,Company
601010,文峰股份,601010,Company
603918,金桥信息,603918,Company
000581,威孚高科,000581,Company
603198,迎驾贡酒,603198,Company
600761,安徽合力,600761,Company
002045,国光电器,002045,Company
000980,众泰汽车,000980,Company
600713,南京医药,600713,Company
601020,华钰矿业,601020,Company
601100,恒立液压,601100,Company
002343,慈文传媒,002343,Company
601186,中国铁建,601186,Company
200413,东旭B,200413,Company
002022,科华生物,002022,Company
600311,荣华实业,600311,Company
600747,大控,600747,Company;ST
600099,林海股份,600099,Company
300534,陇神戎发,300534,Company
000719,大地传媒,000719,Company
002150,通润装备,002150,Company
002152,广电运通,002152,Company
000670,盈方微,000670,Company
300561,汇金科技,300561,Company
000088,盐田港,000088,Company
601877,正泰电器,601877,Company
600599,熊猫金控,600599,Company
000957,中通客车,000957,Company
000819,岳阳兴长,000819,Company
000519,中兵红箭,000519,Company
000525,红太阳,000525,Company
000932,华菱,000932,Company;ST
600702,沱牌舍得,600702,Company
000689,宏业,000689,Company;ST
002747,埃斯顿,002747,Company
002076,雪莱特,002076,Company
002549,凯美特气,002549,Company
002533,金杯电工,002533,Company
600056,中国医药,600056,Company
000096,广聚能源,000096,Company
603577,汇金通,603577,Company
600481,双良节能,600481,Company
603058,永吉股份,603058,Company
603009,北特科技,603009,Company
603088,宁波精达,603088,Company
600731,湖南海利,600731,Company
002206,海利得,002206,Company
000976,华铁股份,000976,Company
600693,东百集团,600693,Company
000554,泰山石油,000554,Company
002370,亚太药业,002370,Company
601169,北京银行,601169,Company
600221,海航控股,600221,Company
002324,普利特,002324,Company
600933,爱柯迪,600933,Company
300214,日科化学,300214,Company
600240,华业资本,600240,Company
000025,特力Ａ,000025,Company
600581,八一钢铁,600581,Company
300255,常山药业,300255,Company
300729,乐歌股份,300729,Company
603416,信捷电气,603416,Company
600579,天华院,600579,Company
600961,株冶集团,600961,Company
603686,龙马环卫,603686,Company
300519,新光药业,300519,Company
300088,长信科技,300088,Company
002559,亚威股份,002559,Company
000418,小天鹅Ａ,000418,Company
002034,旺能环境,002034,Company
300047,天源迪科,300047,Company
300237,美晨生态,300237,Company
600228,昌九,600228,Company;ST
002068,黑猫股份,002068,Company
000762,西藏矿业,000762,Company
000526,紫学,000526,Company;ST
002327,富安娜,002327,Company
002622,融钰集团,002622,Company
300453,三鑫医疗,300453,Company
300074,华平股份,300074,Company
300145,中金环境,300145,Company
601016,节能风电,601016,Company
300432,富临精工,300432,Company
600595,中孚实业,600595,Company
000008,神州高铁,000008,Company
300446,乐凯新材,300446,Company
600824,益民集团,600824,Company
002199,东晶电子,002199,Company
600381,青海春天,600381,Company
600539,狮头股份,600539,Company
601677,明泰铝业,601677,Company
600242,中昌数据,600242,Company
600525,长园集团,600525,Company
000731,四川美丰,000731,Company
600093,易见股份,600093,Company
300225,金力泰,300225,Company
200029,深深房Ｂ,200029,Company
300305,裕兴股份,300305,Company
600292,远达环保,600292,Company
002138,顺络电子,002138,Company
002421,达实智能,002421,Company
603977,国泰集团,603977,Company
600058,五矿发展,600058,Company
300325,德威新材,300325,Company
000408,藏格控股,000408,Company
600079,人福医药,600079,Company
002589,瑞康医药,002589,Company
603887,城地股份,603887,Company
601611,中国核建,601611,Company
002064,华峰氨纶,002064,Company
601678,滨化股份,601678,Company
002106,莱宝高科,002106,Company
002419,天虹股份,002419,Company
000619,海螺型材,000619,Company
000533,万家乐,000533,Company
000625,长安汽车,000625,Company
600631,百联股份,600631,Company
600963,岳阳林纸,600963,Company
000563,陕国投Ａ,000563,Company
300409,道氏技术,300409,Company
600523,贵航股份,600523,Company
600813,鞍一工,600813,Company;ST
600550,保变电气,600550,Company
600400,红豆股份,600400,Company
000617,中油资本,000617,Company
300042,朗科科技,300042,Company
000701,厦门信达,000701,Company
300156,神雾环保,300156,Company
603077,和邦生物,603077,Company
601158,重庆水务,601158,Company
300053,欧比特,300053,Company
600370,三房巷,600370,Company
002057,中钢天源,002057,Company
002619,艾格拉斯,002619,Company
000686,东北证券,000686,Company
300319,麦捷科技,300319,Company
600650,锦江投资,600650,Company
600730,中国高科,600730,Company
000955,欣龙控股,000955,Company
000019,深深宝Ａ,000019,Company
300553,集智股份,300553,Company
000893,东凌国际,000893,Company
601168,西部矿业,601168,Company
002460,赣锋锂业,002460,Company
300424,航新科技,300424,Company
000652,泰达股份,000652,Company
002790,瑞尔特,002790,Company
002054,德美化工,002054,Company
600227,赤天化,600227,Company
300203,聚光科技,300203,Company
000723,美锦能源,000723,Company
002223,鱼跃医疗,002223,Company
600287,江苏舜天,600287,Company
002688,金河生物,002688,Company
000707,双环科技,000707,Company
000923,河北宣工,000923,Company
300025,华星创业,300025,Company
600765,中航重机,600765,Company
600893,航发动力,600893,Company
002620,瑞和股份,002620,Company
600531,豫光金铅,600531,Company
600281,太化股份,600281,Company
000797,中国武夷,000797,Company
300204,舒泰神,300204,Company
000989,九芝堂,000989,Company
300153,科泰电源,300153,Company
002698,博实股份,002698,Company
603885,吉祥航空,603885,Company
002407,多氟多,002407,Company
600022,山东钢铁,600022,Company
900921,丹科B,900921,Company;ST
600748,上实发展,600748,Company
600486,扬农化工,600486,Company
600682,南京新百,600682,Company
000556,PT南洋,000556,Company
002385,大北农,002385,Company
002173,创新医疗,002173,Company
002659,中泰桥梁,002659,Company
603030,全筑股份,603030,Company
002712,思美传媒,002712,Company
200488,晨鸣Ｂ,200488,Company
600251,冠农股份,600251,Company
300263,隆华节能,300263,Company
002556,辉隆股份,002556,Company
002831,裕同科技,002831,Company
002301,齐心集团,002301,Company
000735,罗牛山,000735,Company
900957,凌云Ｂ股,900957,Company
603609,禾丰牧业,603609,Company
600267,海正药业,600267,Company
002675,东诚药业,002675,Company
002121,科陆电子,002121,Company
000876,新希望,000876,Company
600405,动力源,600405,Company
002751,易尚展示,002751,Company
002128,露天煤业,002128,Company
600656,退市博元,600656,Company
300400,劲拓股份,300400,Company
000543,皖能电力,000543,Company
300343,联创互联,300343,Company
601558,锐电,601558,Company;ST
000409,山东地矿,000409,Company
601965,中国汽研,601965,Company
603939,益丰药房,603939,Company
300238,冠昊生物,300238,Company
000587,金洲慈航,000587,Company
600732,新梅,600732,Company;ST
002006,精功科技,002006,Company
600867,通化东宝,600867,Company
600354,敦煌种业,600354,Company
601018,宁波港,601018,Company
603007,花王股份,603007,Company
300278,华昌达,300278,Company
002341,新纶科技,002341,Company
300083,劲胜智能,300083,Company
601198,东兴证券,601198,Company
600366,宁波韵升,600366,Company
000972,中基,000972,Company;ST
000068,华控赛格,000068,Company
300347,泰格医药,300347,Company
002167,东方锆业,002167,Company
002133,广宇集团,002133,Company
300227,光韵达,300227,Company
002088,鲁阳节能,002088,Company
603588,高能环境,603588,Company
000633,合金投资,000633,Company
600326,西藏天路,600326,Company
603333,明星电缆,603333,Company
600307,酒钢宏兴,600307,Company
000005,世纪星源,000005,Company
603726,朗迪集团,603726,Company
300063,天龙集团,300063,Company
002239,奥特佳,002239,Company
600769,祥龙电业,600769,Company
002539,云图控股,002539,Company
300353,东土科技,300353,Company
000888,峨眉山Ａ,000888,Company
300161,华中数控,300161,Company
002920,德赛西威,002920,Company
002248,东数,002248,Company;ST
300105,龙源技术,300105,Company
300248,新开普,300248,Company
002299,圣农发展,002299,Company
002749,国光股份,002749,Company
300188,美亚柏科,300188,Company
600744,华银电力,600744,Company
600755,厦门国贸,600755,Company
601137,博威合金,601137,Company
002124,天邦股份,002124,Company
002529,海源机械,002529,Company
601163,三角轮胎,601163,Company
300264,佳创视讯,300264,Company
000930,中粮生化,000930,Company
000800,一汽轿车,000800,Company
300314,戴维医疗,300314,Company
300236,上海新阳,300236,Company
000780,平能,000780,Company;ST
300407,凯发电气,300407,Company
002369,卓翼科技,002369,Company
603159,上海亚虹,603159,Company
600463,空港股份,600463,Company
600252,中恒集团,600252,Company
600232,金鹰股份,600232,Company
200054,建车B,200054,Company
002294,信立泰,002294,Company
002027,分众传媒,002027,Company
600082,海泰发展,600082,Company
601007,金陵饭店,601007,Company
300392,腾信股份,300392,Company
300547,川环科技,300547,Company
300390,天华超净,300390,Company
600512,腾达建设,600512,Company
300250,初灵信息,300250,Company
300182,捷成股份,300182,Company
600031,三一重工,600031,Company
000576,广东甘化,000576,Company
600219,南山铝业,600219,Company
000550,江铃汽车,000550,Company
600835,上海机电,600835,Company
002532,新界泵业,002532,Company
600825,新华传媒,600825,Company
600687,刚泰控股,600687,Company
200016,深康佳Ｂ,200016,Company
603828,柯利达,603828,Company
001896,豫能控股,001896,Company
300480,光力科技,300480,Company
000713,丰乐种业,000713,Company
002650,加加食品,002650,Company
600346,恒力股份,600346,Company
600759,洲际油气,600759,Company
300080,易成新能,300080,Company
600750,江中药业,600750,Company
000676,智度股份,000676,Company
300013,新宁物流,300013,Company
300726,宏达电子,300726,Company
900946,天雁B股,900946,Company
300172,中电环保,300172,Company
300006,莱美药业,300006,Company
002541,鸿路钢构,002541,Company
002492,恒基达鑫,002492,Company
603528,多伦科技,603528,Company
000782,美达股份,000782,Company
600488,天药股份,600488,Company
300008,天海防务,300008,Company
600860,京城,600860,Company;ST
002679,福建金森,002679,Company
002388,新亚制程,002388,Company
002603,以岭药业,002603,Company
002063,远光软件,002063,Company
600408,安泰集团,600408,Company
300337,银邦股份,300337,Company
000793,华闻传媒,000793,Company
300428,四通新材,300428,Company
000023,深天地Ａ,000023,Company
600838,上海九百,600838,Company
000017,深中华A,000017,Company
300444,双杰电气,300444,Company
603456,九洲药业,603456,Company
300427,红相电力,300427,Company
600356,恒丰纸业,600356,Company
002264,新华都,002264,Company
000802,北京文化,000802,Company
002806,华锋股份,002806,Company
603131,上海沪工,603131,Company
002661,克明面业,002661,Company
300014,亿纬锂能,300014,Company
000833,贵糖股份,000833,Company
300411,金盾股份,300411,Company
000551,创元科技,000551,Company
600222,太龙药业,600222,Company
600988,赤峰黄金,600988,Company
600250,南纺股份,600250,Company
603889,新澳股份,603889,Company
600834,申通地铁,600834,Company
002777,久远银海,002777,Company
603698,航天工程,603698,Company
600319,亚星化学,600319,Company
300054,鼎龙股份,300054,Company
200613,东海B,200613,Company;ST
600754,锦江股份,600754,Company
600708,光明地产,600708,Company
300537,广信材料,300537,Company
002788,鹭燕医药,002788,Company
601997,贵阳银行,601997,Company
002383,合众思壮,002383,Company
000611,天首发展,000611,Company
600435,北方导航,600435,Company
002690,美亚光电,002690,Company
600233,圆通速递,600233,Company
600549,厦门钨业,600549,Company
002360,同德化工,002360,Company
603901,永创智能,603901,Company
600866,星湖科技,600866,Company
000613,东海A,000613,Company;ST
600088,中视传媒,600088,Company
603100,川仪股份,603100,Company
600300,维维股份,600300,Company
002331,皖通科技,002331,Company
300123,太阳鸟,300123,Company
600017,日照港,600017,Company
600401,海润,600401,Company;ST
002002,鸿达兴业,002002,Company
002635,安洁科技,002635,Company
002743,富煌钢构,002743,Company
603278,大业股份,603278,Company
000600,建投能源,000600,Company
300600,瑞特股份,300600,Company
600617,国新能源,600617,Company
600419,天润乳业,600419,Company
603377,东方时尚,603377,Company
601398,工商银行,601398,Company
000792,盐湖股份,000792,Company
002654,万润科技,002654,Company
603716,塞力斯,603716,Company
002187,广百股份,002187,Company
002493,荣盛石化,002493,Company
600675,中华企业,600675,Company
002505,大康农业,002505,Company
300176,鸿特精密,300176,Company
300239,东宝生物,300239,Company
601789,宁波建工,601789,Company
300515,三德科技,300515,Company
603806,福斯特,603806,Company
000626,远大控股,000626,Company
600270,外运发展,600270,Company
600343,航天动力,600343,Company
300615,欣天科技,300615,Company
300186,大华农,300186,Company
600136,当代明诚,600136,Company
300317,珈伟股份,300317,Company
600588,用友网络,600588,Company
600694,大商股份,600694,Company
002278,神开股份,002278,Company
601015,陕西黑猫,601015,Company
600790,轻纺城,600790,Company
002019,亿帆医药,002019,Company
002919,名臣健康,002919,Company
002630,华西能源,002630,Company
300529,健帆生物,300529,Company
600116,三峡水利,600116,Company
002155,湖南黄金,002155,Company
600917,重庆燃气,600917,Company
000040,东旭蓝天,000040,Company
601857,中国石油,601857,Company
002061,浙江交科,002061,Company
900912,外高Ｂ股,900912,Company
000049,德赛电池,000049,Company
603022,新通联,603022,Company
603585,苏利股份,603585,Company
000404,华意压缩,000404,Company
000677,恒天海龙,000677,Company
002542,中化岩土,002542,Company
002711,欧浦智网,002711,Company
002352,顺丰控股,002352,Company
002221,东华能源,002221,Company
300027,华谊兄弟,300027,Company
002255,海陆重工,002255,Company
200011,深物业B,200011,Company
600726,华电能源,600726,Company
000552,靖远煤电,000552,Company
000963,华东医药,000963,Company
300086,康芝药业,300086,Company
600591,上航,600591,Company;ST
600075,新疆天业,600075,Company
002130,沃尔核材,002130,Company
600329,中新药业,600329,Company
300295,三六五网,300295,Company
000953,河化,000953,Company;ST
000024,招商地产,000024,Company
900934,锦江Ｂ股,900934,Company
300126,锐奇股份,300126,Company
002411,必康股份,002411,Company
000869,张裕Ａ,000869,Company
600293,三峡新材,600293,Company
002086,东方海洋,002086,Company
000702,正虹科技,000702,Company
600815,厦工,600815,Company;ST
600331,宏达股份,600331,Company
600724,宁波富达,600724,Company
603368,柳州医药,603368,Company
002376,新北洋,002376,Company
600777,新潮能源,600777,Company
300571,平治信息,300571,Company
000429,粤高速Ａ,000429,Company
002447,壹桥股份,002447,Company
002531,天顺风能,002531,Company
000892,欢瑞世纪,000892,Company
600385,山东金泰,600385,Company
300489,中飞股份,300489,Company
600887,伊利股份,600887,Company
000546,金圆股份,000546,Company
001979,招商蛇口,001979,Company
002445,中南文化,002445,Company
600584,长电科技,600584,Company
002216,三全食品,002216,Company
002241,歌尔股份,002241,Company
000002,万科Ａ,000002,Company
600478,科力远,600478,Company
000150,宜华健康,000150,Company
000683,远兴能源,000683,Company
300376,易事特,300376,Company
300173,智慧松德,300173,Company
002099,海翔药业,002099,Company
600146,商赢环球,600146,Company
600469,风神股份,600469,Company
002829,星网宇达,002829,Company
600810,神马股份,600810,Company
002018,华信国际,002018,Company
603738,泰晶科技,603738,Company
002119,康强电子,002119,Company
002591,恒大高新,002591,Company
600638,新黄浦,600638,Company
000421,南京公用,000421,Company
000669,金鸿控股,000669,Company
002921,联诚精密,002921,Company
000862,银星能源,000862,Company
002816,和科达,002816,Company
002094,青岛金王,002094,Company
900916,凤凰B股,900916,Company
002204,大连重工,002204,Company
600255,梦舟股份,600255,Company
002917,金奥博,002917,Company
600485,信威集团,600485,Company
000069,华侨城Ａ,000069,Company
000761,本钢板材,000761,Company
603311,金海环境,603311,Company
300321,同大股份,300321,Company
002581,未名医药,002581,Company
002820,桂发祥,002820,Company
300520,科大国创,300520,Company
002274,华昌化工,002274,Company
300732,设研院,300732,Company
601899,紫金矿业,601899,Company
600645,中源协和,600645,Company
002313,日海通讯,002313,Company
002515,金字火腿,002515,Company
000561,烽火电子,000561,Company
300512,中亚股份,300512,Company
603800,道森股份,603800,Company
000589,黔轮胎Ａ,000589,Company
600475,华光股份,600475,Company
002727,一心堂,002727,Company
600493,凤竹纺织,600493,Company
300258,精锻科技,300258,Company
002417,三元达,002417,Company
002832,比音勒芬,002832,Company
002311,海大集团,002311,Company
000637,茂化实华,000637,Company
002616,长青集团,002616,Company
600522,中天科技,600522,Company
000066,中国长城,000066,Company
000786,北新建材,000786,Company
601901,方正证券,601901,Company
002277,友阿股份,002277,Company
600480,凌云股份,600480,Company
002227,奥特迅,002227,Company
000983,西山煤电,000983,Company
600460,士兰微,600460,Company
601668,中国建筑,601668,Company
600771,广誉远,600771,Company
000078,海王生物,000078,Company
000631,顺发恒业,000631,Company
000938,紫光股份,000938,Company
002101,广东鸿图,002101,Company
000933,神火股份,000933,Company
300301,长方集团,300301,Company
603869,北部湾旅,603869,Company
603919,金徽酒,603919,Company
601933,永辉超市,601933,Company
000100,TCL集团,000100,Company
603111,康尼机电,603111,Company
600470,六国化工,600470,Company
603355,莱克电气,603355,Company
000573,粤宏远Ａ,000573,Company
600843,上工申贝,600843,Company
601669,中国电建,601669,Company
002530,金财互联,002530,Company
000895,双汇发展,000895,Company
002637,赞宇科技,002637,Company
002013,中航机电,002013,Company
002185,华天科技,002185,Company
601222,林洋能源,601222,Company
000936,华西股份,000936,Company
600229,城市传媒,600229,Company
002144,宏达高科,002144,Company
600456,宝钛股份,600456,Company
002114,罗平锌电,002114,Company
600633,浙数文化,600633,Company
600644,乐山电力,600644,Company
002442,龙星化工,002442,Company
300104,乐视网,300104,Company
601021,春秋航空,601021,Company
000752,西藏发展,000752,Company
600280,中央商场,600280,Company
900932,陆家Ｂ股,900932,Company
002120,韵达股份,002120,Company
002085,万丰奥威,002085,Company
600210,紫江企业,600210,Company
600978,宜华生活,600978,Company
002700,新疆浩源,002700,Company
600096,云天化,600096,Company
600984,建设机械,600984,Company
300003,乐普医疗,300003,Company
300069,金利华电,300069,Company
200726,鲁泰Ｂ,200726,Company
603012,创力集团,603012,Company
002321,华英农业,002321,Company
000547,航天发展,000547,Company
600706,曲江文旅,600706,Company
600455,博通股份,600455,Company
601069,西部黄金,601069,Company
002004,华邦健康,002004,Company
000692,惠天热电,000692,Company
300510,金冠电气,300510,Company
002364,中恒电气,002364,Company
603888,新华网,603888,Company
000045,深纺织Ａ,000045,Company
900956,东贝Ｂ股,900956,Company
600568,中珠医疗,600568,Company
900901,云赛Ｂ股,900901,Company
603003,龙宇燃油,603003,Company
002266,浙富控股,002266,Company
002008,大族激光,002008,Company
600722,金牛化工,600722,Company
002544,杰赛科技,002544,Company
000622,恒立实业,000622,Company
300433,蓝思科技,300433,Company
601616,广电电气,601616,Company
600503,华丽家族,600503,Company
300304,云意电气,300304,Company
000975,银泰资源,000975,Company
002780,三夫户外,002780,Company
600416,湘电股份,600416,Company
000537,广宇发展,000537,Company
002617,露笑科技,002617,Company
300122,智飞生物,300122,Company
600150,中国船舶,600150,Company
603519,立霸股份,603519,Company
000410,沈机,000410,Company;ST
002127,南极电商,002127,Company
000016,深康佳Ａ,000016,Company
002325,洪涛股份,002325,Company
300556,丝路视觉,300556,Company
200570,苏常柴Ｂ,200570,Company
000861,海印股份,000861,Company
600209,罗顿发展,600209,Company
600855,航天长峰,600855,Company
002350,北京科锐,002350,Company
600624,复旦复华,600624,Company
600506,香梨股份,600506,Company
002463,沪电股份,002463,Company
000852,石化机械,000852,Company
000809,新城,000809,Company;ST
300377,赢时胜,300377,Company
600895,张江高科,600895,Company
000929,兰州黄河,000929,Company
600389,江山股份,600389,Company
002470,金正大,002470,Company
300312,邦讯技术,300312,Company
603128,华贸物流,603128,Company
300572,安车检测,300572,Company
600169,太原重工,600169,Company
300157,恒泰艾普,300157,Company
300005,探路者,300005,Company
000813,德展健康,000813,Company
300224,正海磁材,300224,Company
002213,特尔佳,002213,Company
002038,双鹭药业,002038,Company
002466,天齐锂业,002466,Company
002500,山西证券,002500,Company
600438,通威股份,600438,Company
300346,南大光电,300346,Company
600885,宏发股份,600885,Company
002192,融捷股份,002192,Company
601058,赛轮金宇,601058,Company
600717,天津港,600717,Company
000511,烯碳,000511,Company;ST
600107,美尔雅,600107,Company
300429,强力新材,300429,Company
000981,银亿股份,000981,Company
000020,深华发Ａ,000020,Company
300065,海兰信,300065,Company
002433,太安堂,002433,Company
002660,茂硕电源,002660,Company
000666,经纬纺机,000666,Company
000628,高新发展,000628,Company
002555,三七互娱,002555,Company
000961,中南建设,000961,Company
000968,蓝焰控股,000968,Company
601717,郑煤机,601717,Company
000863,三湘印象,000863,Company
002759,天际股份,002759,Company
600109,国金证券,600109,Company
900936,鄂资Ｂ股,900936,Company
600729,重庆百货,600729,Company
000416,民生控股,000416,Company
600433,冠豪高新,600433,Company
002825,纳尔股份,002825,Company
600379,宝光股份,600379,Company
002566,益盛药业,002566,Company
002647,民盛金科,002647,Company
600680,上普,600680,Company;ST
300538,同益股份,300538,Company
300388,国祯环保,300388,Company
300378,鼎捷软件,300378,Company
002721,金一文化,002721,Company
600597,光明乳业,600597,Company
300254,仟源医药,300254,Company
600979,广安爱众,600979,Company
002462,嘉事堂,002462,Company
000036,华联控股,000036,Company
600382,广东明珠,600382,Company
002080,中材科技,002080,Company
002186,全聚德,002186,Company
002604,龙力生物,002604,Company
601908,京运通,601908,Company
603737,三棵树,603737,Company
300382,斯莱克,300382,Company
600009,上海机场,600009,Company
002016,世荣兆业,002016,Company
300303,聚飞光电,300303,Company
000423,东阿阿胶,000423,Company
002162,悦心健康,002162,Company
300575,中旗股份,300575,Company
900933,华新Ｂ股,900933,Company
601111,中国国航,601111,Company
603890,春秋电子,603890,Company
002258,利尔化学,002258,Company
603822,嘉澳环保,603822,Company
600495,晋西车轴,600495,Company
603099,长白山,603099,Company
002051,中工国际,002051,Company
002535,林州重机,002535,Company
000977,浪潮信息,000977,Company
600490,鹏欣资源,600490,Company
601618,中国中冶,601618,Company
600926,杭州银行,600926,Company
601880,大连港,601880,Company
300075,数字政通,300075,Company
600863,内蒙华电,600863,Company
002406,远东传动,002406,Company
600775,南京熊猫,600775,Company
000815,美利云,000815,Company
600467,好当家,600467,Company
000906,浙商中拓,000906,Company
600758,红阳能源,600758,Company
002657,中科金财,002657,Company
600870,厦华电子,600870,Company
600936,广西广电,600936,Company
603998,方盛制药,603998,Company
300371,汇中股份,300371,Company
300221,银禧科技,300221,Company
002212,南洋股份,002212,Company
002246,北化股份,002246,Company
002686,亿利达,002686,Company
000518,四环生物,000518,Company
002026,山东威达,002026,Company
601866,中远海发,601866,Company
603161,科华控股,603161,Company
002214,大立科技,002214,Company
000777,中核科技,000777,Company
600716,凤凰股份,600716,Company
300209,天泽信息,300209,Company
300285,国瓷材料,300285,Company
300270,中威电子,300270,Company
603619,中曼石油,603619,Company
603711,香飘飘,603711,Company
300402,宝色股份,300402,Company
600318,新力金融,600318,Company
300062,中能电气,300062,Company
603989,艾华集团,603989,Company
000998,隆平高科,000998,Company
600050,中国联通,600050,Company
002073,软控股份,002073,Company
002482,广田集团,002482,Company
603699,纽威股份,603699,Company
000918,嘉凯城,000918,Company
603166,福达股份,603166,Company
600856,中天能源,600856,Company
300282,汇冠股份,300282,Company
002508,老板电器,002508,Company
300116,坚瑞沃能,300116,Company
002420,毅昌股份,002420,Company
000616,海航投资,000616,Company
002703,浙江世宝,002703,Company
600519,贵州茅台,600519,Company
200512,闽灿坤Ｂ,200512,Company
300087,荃银高科,300087,Company
002614,奥佳华,002614,Company
601008,连云港,601008,Company
000801,四川九洲,000801,Company
000901,航天科技,000901,Company
600207,安彩高科,600207,Company
600253,天方药业,600253,Company
600448,华纺股份,600448,Company
300548,博创科技,300548,Company
601003,柳钢股份,601003,Company
000882,华联股份,000882,Company
002709,天赐材料,002709,Company
600387,海越股份,600387,Company
600176,中国巨石,600176,Company
002374,丽鹏股份,002374,Company
002081,金螳螂,002081,Company
002354,天神娱乐,002354,Company
000155,川化股份,000155,Company
600827,百联股份,600827,Company
000522,白云山A,000522,Company
600284,浦东建设,600284,Company
300133,华策影视,300133,Company
002692,睿康股份,002692,Company
300423,鲁亿通,300423,Company
002509,天广中茂,002509,Company
300241,瑞丰光电,300241,Company
002067,景兴纸业,002067,Company
002056,横店东磁,002056,Company
300279,和晶科技,300279,Company
000590,启迪古汉,000590,Company
002819,东方中科,002819,Company
601808,中海油服,601808,Company
000805,炎黄,000805,Company;ST
600351,亚宝药业,600351,Company
002109,兴化股份,002109,Company
002055,得润电子,002055,Company
300450,先导智能,300450,Company
002427,尤夫股份,002427,Company
002314,南山控股,002314,Company
600373,中文传媒,600373,Company
000687,华讯方舟,000687,Company
600598,北大荒,600598,Company
603667,五洲新春,603667,Company
000783,长江证券,000783,Company
002440,闰土股份,002440,Company
600197,伊力特,600197,Company
603788,宁波高发,603788,Company
600195,中牧股份,600195,Company
000042,中洲控股,000042,Company
300570,太辰光,300570,Company
002472,双环传动,002472,Company
600115,东方航空,600115,Company
002089,新海宜,002089,Company
002810,山东赫达,002810,Company
002818,富森美,002818,Company
000790,泰合健康,000790,Company
002826,易明医药,002826,Company
300185,通裕重工,300185,Company
600182,S佳通,600182,Company
000034,神州数码,000034,Company
002642,荣之联,002642,Company
600698,湖南天雁,600698,Company
600230,沧州大化,600230,Company
000693,华泽,000693,Company;ST
900909,华谊B股,900909,Company
300438,鹏辉能源,300438,Company
603859,能科股份,603859,Company
603618,杭电股份,603618,Company
300211,亿通科技,300211,Company
600086,东方金钰,600086,Company
002305,南国置业,002305,Company
600909,华安证券,600909,Company
000778,新兴铸管,000778,Company
603990,麦迪科技,603990,Company
600179,安通控股,600179,Company
002077,大港股份,002077,Company
300001,特锐德,300001,Company
600501,航天晨光,600501,Company
600857,宁波中百,600857,Company
300323,华灿光电,300323,Company
603611,诺力股份,603611,Company
002429,兆驰股份,002429,Company
002456,欧菲科技,002456,Company
601377,兴业证券,601377,Company
002639,雪人股份,002639,Company
600002,齐鲁石化,600002,Company
000157,中联重科,000157,Company
600061,国投资本,600061,Company
300071,华谊嘉信,300071,Company
900948,伊泰Ｂ股,900948,Company
300110,华仁药业,300110,Company
603015,弘讯科技,603015,Company
300451,创业软件,300451,Company
600820,隧道股份,600820,Company
300518,盛讯达,300518,Company
300735,光弘科技,300735,Company
300266,兴源环境,300266,Company
200030,富奥B,200030,Company
300189,神农基因,300189,Company
002708,光洋股份,002708,Company
600399,抚顺特钢,600399,Company
002180,纳思达,002180,Company
002171,楚江新材,002171,Company
300174,元力股份,300174,Company
601989,中国重工,601989,Company
300349,金卡智能,300349,Company
600874,创业环保,600874,Company
600831,广电网络,600831,Company
601991,大唐发电,601991,Company
000729,燕京啤酒,000729,Company
000919,金陵药业,000919,Company
002520,日发精机,002520,Company
000630,铜陵有色,000630,Company
002611,东方精工,002611,Company
200771,杭汽轮Ｂ,200771,Company
600883,博闻科技,600883,Company
000826,启迪桑德,000826,Company
900903,大众Ｂ股,900903,Company
600785,新华百货,600785,Company
300274,阳光电源,300274,Company
600784,鲁银投资,600784,Company
600067,冠城大通,600067,Company
603188,亚邦股份,603188,Company
300136,信维通信,300136,Company
002010,传化智联,002010,Company
900945,海控Ｂ股,900945,Company
000935,四川双马,000935,Company
300338,开元股份,300338,Company
000688,建新矿业,000688,Company
002681,奋达科技,002681,Company
002716,金贵银业,002716,Company
600528,中铁工业,600528,Company
000603,盛达矿业,000603,Company
600681,百川能源,600681,Company
000755,三维,000755,Company;ST
600746,江苏索普,600746,Company
600977,中国电影,600977,Company
000821,京山轻机,000821,Company
000739,普洛药业,000739,Company
600159,大龙地产,600159,Company
600241,时代万恒,600241,Company
600468,百利电气,600468,Company
300462,华铭智能,300462,Company
002503,搜于特,002503,Company
603366,日出东方,603366,Company
603126,中材节能,603126,Company
600998,九州通,600998,Company
600720,祁连山,600720,Company
002551,尚荣医疗,002551,Company
002079,苏州固锝,002079,Company
601939,建设银行,601939,Company
600377,宁沪高速,600377,Company
300280,南通锻压,300280,Company
002012,凯恩股份,002012,Company
601231,环旭电子,601231,Company
002459,天业通联,002459,Company
300223,北京君正,300223,Company
002645,华宏科技,002645,Company
300555,路通视信,300555,Company
600459,贵研铂业,600459,Company
300210,森远股份,300210,Company
601872,招商轮船,601872,Company
002312,三泰,002312,Company;ST
000886,海南高速,000886,Company
300183,东软载波,300183,Company
603319,湘油泵,603319,Company
300023,宝德股份,300023,Company
002600,江粉磁材,002600,Company
002694,顾地科技,002694,Company
300403,地尔汉宇,300403,Company
300404,博济医药,300404,Company
002676,顺威股份,002676,Company
300461,田中精机,300461,Company
000718,苏宁环球,000718,Company
002320,海峡股份,002320,Company
600823,世茂股份,600823,Company
300294,博雅生物,300294,Company
002916,深南电路,002916,Company
002435,长江润发,002435,Company
300100,双林股份,300100,Company
300494,盛天网络,300494,Company
000776,广发证券,000776,Company
600237,铜峰电子,600237,Company
002608,江苏国信,002608,Company
600085,同仁堂,600085,Company
002141,贤丰控股,002141,Company
601766,中国中车,601766,Company
002587,奥拓电子,002587,Company
002226,江南化工,002226,Company
002741,光华科技,002741,Company
603766,隆鑫通用,603766,Company
600069,银鸽投资,600069,Company
000514,渝开发,000514,Company
600891,秋林集团,600891,Company
002015,霞客环保,002015,Company
601328,交通银行,601328,Company
600028,中国石化,600028,Company
300414,中光防雷,300414,Company
603329,上海雅仕,603329,Company
603199,九华旅游,603199,Company
600996,贵广网络,600996,Company
600705,中航资本,600705,Company
000562,宏源证券,000562,Company
603968,醋化股份,603968,Company
600797,浙大网新,600797,Company
600654,中安,600654,Company;ST
300167,迪威迅,300167,Company
000700,模塑科技,000700,Company
600223,鲁商置业,600223,Company
002326,永太科技,002326,Company
600640,号百控股,600640,Company
002222,福晶科技,002222,Company
000060,中金岭南,000060,Company
600816,安信信托,600816,Company
600315,上海家化,600315,Company
002381,双箭股份,002381,Company
601188,龙江交通,601188,Company
300175,朗源股份,300175,Company
600010,包钢股份,600010,Company
600800,天津磁卡,600800,Company
600023,浙能电力,600023,Company
002656,摩登大道,002656,Company
300095,华伍股份,300095,Company
300540,深冷股份,300540,Company
600560,金自天正,600560,Company
002596,海南瑞泽,002596,Company
300463,迈克生物,300463,Company
600320,振华重工,600320,Company
002048,宁波华翔,002048,Company
002339,积成电子,002339,Company
000822,山东海化,000822,Company
000973,佛塑科技,000973,Company
002087,新野纺织,002087,Company
600614,鹏起科技,600614,Company
600020,中原高速,600020,Company
601126,四方股份,601126,Company
002573,清新环境,002573,Company
600892,大晟文化,600892,Company
002396,星网锐捷,002396,Company
600853,龙建股份,600853,Company
600711,盛屯矿业,600711,Company
002477,雏鹰农牧,002477,Company
000868,安凯客车,000868,Company
002646,青青稞酒,002646,Company
300498,温氏股份,300498,Company
000401,冀东水泥,000401,Company
603203,快克股份,603203,Company
600508,上海能源,600508,Company
002159,三特索道,002159,Company
002306,云网,002306,Company;ST
300381,溢多利,300381,Company
300445,康斯特,300445,Company
600491,龙元建设,600491,Company
002336,人人乐,002336,Company
600677,航天通信,600677,Company
600976,健民集团,600976,Company
600792,云煤能源,600792,Company
600626,申达股份,600626,Company
600306,商业城,600306,Company
002449,国星光电,002449,Company
002461,珠江啤酒,002461,Company
300051,三五互联,300051,Company
002322,理工环科,002322,Company
600696,匹凸,600696,Company;ST
600814,杭州解百,600814,Company
000520,长航凤凰,000520,Company
300490,华自科技,300490,Company
600516,方大炭素,600516,Company
300535,达威股份,300535,Company
600089,特变电工,600089,Company
600670,斯达,600670,Company;ST
600173,卧龙地产,600173,Company
600360,华微电子,600360,Company
002035,华帝股份,002035,Company
300568,星源材质,300568,Company
600383,金地集团,600383,Company
300007,汉威科技,300007,Company
002588,史丹利,002588,Company
002682,龙洲股份,002682,Company
002624,完美世界,002624,Company
300191,潜能恒信,300191,Company
000048,康达尔,000048,Company
000959,首钢股份,000959,Company
600699,均胜电子,600699,Company
300012,华测检测,300012,Company
300178,腾邦国际,300178,Company
002378,章源钨业,002378,Company
000823,超声电子,000823,Company
002606,大连电瓷,002606,Company
000791,甘肃电投,000791,Company
603602,纵横通信,603602,Company
002288,超华科技,002288,Company
002697,红旗连锁,002697,Company
603169,兰石重装,603169,Company
600289,信通,600289,Company;ST
000099,中信海直,000099,Company
002205,国统股份,002205,Company
300015,爱尔眼科,300015,Company
600299,安迪苏,600299,Company
002598,山东章鼓,002598,Company
002380,科远股份,002380,Company
603868,飞科电器,603868,Company
002511,中顺洁柔,002511,Company
000527,美的电器,000527,Company
002547,春兴精工,002547,Company
002107,沃华医药,002107,Company
002623,亚玛顿,002623,Company
002203,海亮股份,002203,Company
603227,雪峰科技,603227,Company
600803,新奥股份,600803,Company
600502,安徽水利,600502,Company
601009,南京银行,601009,Company
600662,强生控股,600662,Company
600967,内蒙一机,600967,Company
600068,葛洲坝,600068,Company
002473,圣莱,002473,Company;ST
603123,翠微股份,603123,Company
000012,南玻Ａ,000012,Company
300068,南都电源,300068,Company
002366,台海核电,002366,Company
300115,长盈精密,300115,Company
601218,吉鑫科技,601218,Company
000720,新能泰山,000720,Company
600290,华仪电气,600290,Company
603002,宏昌电子,603002,Company
603300,华铁科技,603300,Company
600594,益佰制药,600594,Company
002070,众和,002070,Company;ST
600983,惠而浦,600983,Company
300011,鼎汉技术,300011,Company
300180,华峰超纤,300180,Company
000004,国农科技,000004,Company
600520,文一科技,600520,Company
000639,西王食品,000639,Company
002922,伊戈尔,002922,Company
300447,全信股份,300447,Company
000979,中弘股份,000979,Company
002430,杭氧股份,002430,Company
300056,三维丝,300056,Company
600791,京能置业,600791,Company
600312,平高电气,600312,Company
600185,格力地产,600185,Company
300352,北信源,300352,Company
002001,新和成,002001,Company
600261,阳光照明,600261,Company
603729,龙韵股份,603729,Company
002351,漫步者,002351,Company
601988,中国银行,601988,Company
603158,腾龙股份,603158,Company
002105,信隆健康,002105,Company
002146,荣盛发展,002146,Company
603021,山东华鹏,603021,Company
600200,江苏吴中,600200,Company
002696,百洋股份,002696,Company
600120,浙江东方,600120,Company
600323,瀚蓝环境,600323,Company
002148,北纬科技,002148,Company
300326,凯利泰,300326,Company
002593,日上集团,002593,Company
603031,安德利,603031,Company
300092,科新机电,300092,Company
603520,司太立,603520,Company
600118,中国卫星,600118,Company
300076,GQY视讯,300076,Company
600005,武钢股份,600005,Company
600854,春兰股份,600854,Company
600371,万向德农,600371,Company
002176,江特电机,002176,Company
002066,瑞泰科技,002066,Company
002337,赛象科技,002337,Company
002632,道明光学,002632,Company
000708,大冶特钢,000708,Company
002401,中远海科,002401,Company
002677,浙江美大,002677,Company
300419,浩丰科技,300419,Company
300066,三川智慧,300066,Company
300434,金石东方,300434,Company
300430,诚益通,300430,Company
600697,欧亚集团,600697,Company
300078,思创医惠,300078,Company
002572,索菲亚,002572,Company
300484,蓝海华腾,300484,Company
300269,联建光电,300269,Company
600871,石化油服,600871,Company
600279,重庆港九,600279,Company
601800,中国交建,601800,Company
002145,中核钛白,002145,Company
300425,环能科技,300425,Company
000779,三毛派神,000779,Company
000672,上峰水泥,000672,Company
300097,智云股份,300097,Company
600160,巨化股份,600160,Company
300597,吉大通信,300597,Company
300275,梅安森,300275,Company
300443,金雷风电,300443,Company
600847,万里,600847,Company;ST
900914,锦投Ｂ股,900914,Company
002523,天桥起重,002523,Company
002289,宇顺电子,002289,Company
600266,北京城建,600266,Company
000690,宝新能源,000690,Company
000583,托普,000583,Company;ST
600171,上海贝岭,600171,Company
600548,深高速,600548,Company
601518,吉林高速,601518,Company
000678,襄阳轴承,000678,Company
601666,平煤股份,601666,Company
600643,爱建集团,600643,Company
300370,安控科技,300370,Company
600415,小商品城,600415,Company
600533,栖霞建设,600533,Company
600051,宁波联合,600051,Company
000828,东莞控股,000828,Company
600642,申能股份,600642,Company
300046,台基股份,300046,Company
603080,新疆火炬,603080,Company
000999,华润三九,000999,Company
002536,西泵股份,002536,Company
603598,引力传媒,603598,Company
002750,龙津药业,002750,Company
002469,三维工程,002469,Company
002476,宝莫股份,002476,Company
000910,大亚圣象,000910,Company
600019,宝钢股份,600019,Company
300410,正业科技,300410,Company
603060,国检集团,603060,Company
600213,亚星客车,600213,Company
002787,华源控股,002787,Company
002597,金禾实业,002597,Company
600509,天富能源,600509,Company
002796,世嘉科技,002796,Company
000498,山东路桥,000498,Company
300507,苏奥传感,300507,Company
002605,姚记扑克,002605,Company
600234,山水,600234,Company;ST
000405,鑫光,000405,Company;ST
002792,通宇通讯,002792,Company
000585,东北电气,000585,Company
300026,红日药业,300026,Company
300379,东方通,300379,Company
300357,我武生物,300357,Company
300351,永贵电器,300351,Company
002009,天奇股份,002009,Company
002538,司尔特,002538,Company
601388,怡球资源,601388,Company
300523,辰安科技,300523,Company
000411,英特集团,000411,Company
900951,大化B,900951,Company;ST
300099,精准信息,300099,Company
600112,天成,600112,Company;ST
600018,上港集团,600018,Company
300117,嘉寓股份,300117,Company
601258,庞大集团,601258,Company
002404,嘉欣丝绸,002404,Company
600776,东方通信,600776,Company
603789,星光农机,603789,Company
300721,怡达股份,300721,Company
600036,招商银行,600036,Company
601318,中国平安,601318,Company
002723,金莱特,002723,Company
600973,宝胜股份,600973,Company
603315,福鞍股份,603315,Company
300194,福安药业,300194,Company
300496,中科创达,300496,Company
002253,川大智胜,002253,Company
601028,玉龙股份,601028,Company
000013,石化A,000013,Company;ST
300441,鲍斯股份,300441,Company
600970,中材国际,600970,Company
300503,昊志机电,300503,Company
002058,威尔泰,002058,Company
002005,德豪润达,002005,Company
002116,中国海诚,002116,Company
300341,麦迪电气,300341,Company
300577,开润股份,300577,Company
002729,好利来,002729,Company
000488,晨鸣纸业,000488,Company
000898,鞍钢股份,000898,Company
600202,哈空调,600202,Company
002042,华孚时尚,002042,Company
002666,德联集团,002666,Company
002265,西仪股份,002265,Company
603600,永艺股份,603600,Company
002397,梦洁股份,002397,Company
000695,滨海能源,000695,Company
000859,国风塑业,000859,Company
600496,精工钢构,600496,Company
000665,湖北广电,000665,Company
300616,尚品宅配,300616,Company
002471,中超控股,002471,Company
600268,国电南自,600268,Company
000710,贝瑞基因,000710,Company
603987,康德莱,603987,Company
600421,仰帆控股,600421,Company
002415,海康威视,002415,Company
000982,中绒,000982,Company;ST
002672,东江环保,002672,Company
300245,天玑科技,300245,Company
000540,中天金融,000540,Company
002689,远大智能,002689,Company
300229,拓尔思,300229,Company
300420,五洋科技,300420,Company
600783,鲁信创投,600783,Company
300552,万集科技,300552,Company
300235,方直科技,300235,Company
600779,水井坊,600779,Company
300456,耐威科技,300456,Company
002218,拓日新能,002218,Company
000967,盈峰环境,000967,Company
600829,人民同泰,600829,Company
603569,长久物流,603569,Company
002389,南洋科技,002389,Company
000807,云铝股份,000807,Company
600678,四川金顶,600678,Company
600842,中西药业,600842,Company
601113,华鼎股份,601113,Company
601999,出版传媒,601999,Company
300491,通合科技,300491,Company
002082,栋梁新材,002082,Company
601313,江南嘉捷,601313,Company
000673,当代东方,000673,Company
300171,东富龙,300171,Company
601177,杭齿前进,601177,Company
000996,中国中期,000996,Company
300261,雅本化学,300261,Company
600962,国投中鲁,600962,Company
000952,广济药业,000952,Company
000058,深赛格,000058,Company
600165,新日恒力,600165,Company
002805,丰元股份,002805,Company
600986,科达股份,600986,Company
600578,京能电力,600578,Company
000038,深大通,000038,Company
300164,通源石油,300164,Company
000971,高升控股,000971,Company
601898,中煤能源,601898,Company
000516,国际医学,000516,Company
300022,吉峰农机,300022,Company
300129,泰胜风能,300129,Company
603663,三祥新材,603663,Company
300579,数字认证,300579,Company
000426,兴业矿业,000426,Company
000680,山推股份,000680,Company
300040,九洲电气,300040,Company
300166,东方国信,300166,Company
300059,东方财富,300059,Company
603101,汇嘉时代,603101,Company
000586,汇源通信,000586,Company
603661,恒林股份,603661,Company
600556,慧球,600556,Company;ST
600596,新安股份,600596,Company
600378,天科股份,600378,Company
300120,经纬电材,300120,Company
000928,中钢国际,000928,Company
002735,王子新材,002735,Company
601229,上海银行,601229,Company
002075,沙钢股份,002075,Company
002443,金洲管道,002443,Company
000858,五粮液,000858,Company
900908,氯碱Ｂ股,900908,Company
300215,电科院,300215,Company
300121,阳谷华泰,300121,Company
600338,西藏珠峰,600338,Company
002235,安妮股份,002235,Company
000885,同力水泥,000885,Company
601890,亚星锚链,601890,Company
600991,广汽长丰,600991,Company
603313,梦百合,603313,Company
000912,天化,000912,Company;ST
603339,四方冷链,603339,Company
002175,东方网络,002175,Company
002638,勤上股份,002638,Company
601500,通用股份,601500,Company
200418,小天鹅Ｂ,200418,Company
600123,兰花科创,600123,Company
300307,慈星股份,300307,Company
300386,飞天诚信,300386,Company
300242,明家联合,300242,Company
200026,飞亚达Ｂ,200026,Company
600001,邯郸钢铁,600001,Company
600889,南京化纤,600889,Company
002528,英飞拓,002528,Company
601985,中国核电,601985,Company
603777,来伊份,603777,Company
002432,九安医疗,002432,Company
300196,长海股份,300196,Company
002030,达安基因,002030,Company
601128,常熟银行,601128,Company
300360,炬华科技,300360,Company
300195,长荣股份,300195,Company
002024,苏宁云商,002024,Company
002136,安纳达,002136,Company
002347,泰尔股份,002347,Company
600297,广汇汽车,600297,Company
603928,兴业股份,603928,Company
000559,万向钱潮,000559,Company
600006,东风汽车,600006,Company
002271,东方雨虹,002271,Company
000635,英力特,000635,Company
603917,合力科技,603917,Company
603116,红蜻蜓,603116,Company
300177,中海达,300177,Company
002132,恒星科技,002132,Company
002390,信邦制药,002390,Company
600628,新世界,600628,Company
300118,东方日升,300118,Company
300041,回天新材,300041,Company
300082,奥克股份,300082,Company
600084,中葡股份,600084,Company
002335,科华恒盛,002335,Company
002484,江海股份,002484,Company
002408,齐翔腾达,002408,Company
300102,乾照光电,300102,Company
200869,张裕Ｂ,200869,Company
300134,大富科技,300134,Company
300138,晨光生物,300138,Company
600376,首开股份,600376,Company
002184,海得控制,002184,Company
300350,华鹏飞,300350,Company
002458,益生股份,002458,Company
002730,电光科技,002730,Company
300364,中文在线,300364,Company
000939,凯迪生态,000939,Company
600087,退市长油,600087,Company
600262,北方股份,600262,Company
002308,威创股份,002308,Company
002240,威华股份,002240,Company
002446,盛路通信,002446,Company
900929,锦旅Ｂ股,900929,Company
002217,合力泰,002217,Company
600741,华域汽车,600741,Company
600966,博汇纸业,600966,Company
002634,棒杰股份,002634,Company
000913,钱江摩托,000913,Company
600585,海螺水泥,600585,Company
300557,理工光科,300557,Company
002631,德尔未来,002631,Company
002319,乐通股份,002319,Company
200553,沙隆达Ｂ,200553,Company
600054,黄山旅游,600054,Company
000839,中信国安,000839,Company
002479,富春环保,002479,Company
002546,新联电子,002546,Company
600992,贵绳股份,600992,Company
300233,金城医药,300233,Company
600828,茂业商业,600828,Company
002685,华东重机,002685,Company
000606,神州易桥,000606,Company
000430,张家界,000430,Company
600175,美都能源,600175,Company
002582,好想你,002582,Company
002131,利欧股份,002131,Company
002201,九鼎新材,002201,Company
002756,永兴特钢,002756,Company
002025,航天电器,002025,Company
002595,豪迈科技,002595,Company
300289,利德曼,300289,Company
601579,会稽山,601579,Company
900905,老凤祥Ｂ,900905,Company
900918,耀皮Ｂ股,900918,Company
002714,牧原股份,002714,Company
000651,格力电器,000651,Company
300112,万讯自控,300112,Company
000578,盐湖集团,000578,Company
002345,潮宏基,002345,Company
002450,康得新,002450,Company
002153,石基信息,002153,Company
000061,农产品,000061,Company
600029,南方航空,600029,Company
600839,四川长虹,600839,Company
600648,外高桥,600648,Company
002154,报喜鸟,002154,Company
000428,华天酒店,000428,Company
600398,海澜之家,600398,Company
300106,西部牧业,300106,Company
200530,大冷Ｂ,200530,Company
000338,潍柴动力,000338,Company
300259,新天科技,300259,Company
600126,杭钢股份,600126,Company
002691,冀凯股份,002691,Company
002799,环球印务,002799,Company
603779,威龙股份,603779,Company
300002,神州泰岳,300002,Company
002287,奇正藏药,002287,Company
200429,粤高速Ｂ,200429,Company
002165,红宝丽,002165,Company
002096,南岭民爆,002096,Company
600357,承德钒钛,600357,Company
002540,亚太科技,002540,Company
603016,新宏泰,603016,Company
600170,上海建工,600170,Company
000697,炼石有色,000697,Company
601969,海南矿业,601969,Company
600980,北矿科技,600980,Company
002695,煌上煌,002695,Company
002332,仙琚制药,002332,Company
002163,中航三鑫,002163,Company
000006,深振业Ａ,000006,Company
300477,合纵科技,300477,Company
603006,联明股份,603006,Company
600388,龙净环保,600388,Company
603000,人民网,603000,Company
300150,世纪瑞尔,300150,Company
002918,蒙娜丽莎,002918,Company
300550,和仁科技,300550,Company
300077,国民技术,300077,Company
300265,通光线缆,300265,Company
000510,金路集团,000510,Company
601098,中南传媒,601098,Company
002093,国脉科技,002093,Company
300517,海波重科,300517,Company
300232,洲明科技,300232,Company
600458,时代新材,600458,Company
300094,国联水产,300094,Company
600807,天业股份,600807,Company
600395,盘江股份,600395,Company
300267,尔康制药,300267,Company
000668,荣丰控股,000668,Company
000727,华东科技,000727,Company
300197,铁汉生态,300197,Company
200055,方大Ｂ,200055,Company
002802,洪汇新材,002802,Company
002399,海普瑞,002399,Company
